Source,area,short names,1991,1992,1993,1994,1995,1996,1997,1998,1999,2000,2001,2002,2003,2004,2005,2006,2007,2008,2009,2010,2011,2012,2013,2014,2015,2016,2017
FAOSTAT_3,AFG,total_fertilizers,,,,,,,,,,,,24526.53,27035.26,33169.37,29774.39,24869.52,16377.29,14432.03,14712.11,13854.86,29816.2,18523.47,38011.93,79000.86,31232.39,105733.85,157464.02
FAOSTAT_3,AGO,total_fertilizers,,,,,,,,,,,,5143,5903,14855,7460,12078,11237,28080,21889,34563,56324,41717.43,45393.39,45371,39436.84,35482.22,52305.94
FAOSTAT_3,ALB,total_fertilizers,,,,,,,,,,,,56404,57406.71,58555.64,60457.92,50108.64,51106.74,47158.94,55040.42,53224.98,60604.12,57614.41,54410.38,54410.3,66327,78243.7,61082.86
FAOSTAT_3,ARE,total_fertilizers,,,,,,,,,,,,48360,48360,48360,45360,42220,41950,41210,31090,37310,40590,31470,38770,27682.89,31528.29,31528.29,31528.29
FAOSTAT_3,ARG,total_fertilizers,,,,,,,,,,,,842378,1200310,1394388,1197545,1443348,1794570,1241715,788194,1488126,1617843,1372564,1428027,1379654.32,1068812.46,1621355.75,1659666.22
FAOSTAT_3,ARM,total_fertilizers,,,,,,,,,,,,15708,10464,14401,10325,57900.5,26820,24390.3,39547.4,29625.6,36366.3,58026.6,59192.6,53113.1,65039.5,147530.9,90339.3
FAOSTAT_3,ATG,total_fertilizers,,,,,,,,,,,,52,109,30,24,18,2,14,53,12,13,39.39,50.12,31.8,21.9,72.85,21.04
FAOSTAT_3,AUS,total_fertilizers,,,,,,,,,,,,2273800,2173700,2432000,2215900,2073700,2066400,1873700,1653600,1971600,2158800,2196395,2273975,2251741.86,2381039.8,2187211.25,2116041.41
FAOSTAT_3,AUT,total_fertilizers,,,,,,,,,,,,324123,410060,181161,187383,179999,151727,150652,113983,147955,140568,170000,183603,195396,194793,187853,179242
FAOSTAT_3,AZE,total_fertilizers,,,,,,,,,,,,19170,14050,22042,24626,24561,19722,38948,25133,18756,29369,36184.31,38433.71,61170.3,13284.9,28171.6,13794.36
FAOSTAT_3,BDI,total_fertilizers,,,,,,,,,,,,1325,301,1095,3390,3009,1716,1954,1768,3446,5635,6375.16,11161.75,12978.17,10003.5,17299.57,21301.95
FAOSTAT_3,BEL,total_fertilizers,,,,,,,,,,,,271417,283417,283316,280211,274382,281139,189468,236892,271005,262190,263827,262231,248393,253394,250416,249412.85
FAOSTAT_3,BEN,total_fertilizers,,,,,,,,,,,,41735,2126,145,1226,33,614,801,16360,22835,11100,26755.09,13506.15,21833.68,359.73,27858.11,45.91
FAOSTAT_3,BFA,total_fertilizers,,,,,,,,,,,,2010,52996,57687,74694,63000,49495,57207,53876,56571,61004,81401.83,95856.94,95284.54,97732.17,130641.1,109044.72
FAOSTAT_3,BGD,total_fertilizers,,,,,,,,,,,,1556839,1318676,1389777,1564390,1522338,1441357,1561100,1472297,1659202,1963760,1997600,1954820,2141340,2311680,2246980,2356000
FAOSTAT_3,BGR,total_fertilizers,,,,,,,,,,,,381693,489569,267862,235538,231580,314699,343518,329073,309212,432518,318000,379692,379288,428191,432863,441254
FAOSTAT_3,BHR,total_fertilizers,,,,,,,,,,,,1030.67,2493.1,3459.48,3135.29,2872.84,1614.96,2632.03,1493.98,2859.43,4961.17,4802.31,4499.08,4872.96,2540.53,734.21,338.77
FAOSTAT_3,BHS,total_fertilizers,,,,,,,,,,,,0,0,0,0,0,0,0,0,0,0,1240.78,1076.42,1220.73,1519.04,1519.04,1519.04
FAOSTAT_3,BIH,total_fertilizers,,,,,,,,,,,,32600,17957,60079,25253,15902,21769,11966,72494,81856,103895,121106.21,102550.04,120754.61,131750.19,110711,112867.47
FAOSTAT_3,BLR,total_fertilizers,,,,,,,,,,,,763700,755300,815100,929400,1285100,1205100,1309600,1558500,1497000,1680200,1498594,1425190,1218623,1102475,833351,815790
FAOSTAT_3,BLZ,total_fertilizers,,,,,,,,,,,,25741,26766,5506,5670,6248,4261,3483,8865,4351,17603,10925.5,30350.6,29188.98,33670.49,36367.41,30009.11
FAOSTAT_3,BOL,total_fertilizers,,,,,,,,,,,,13341,12916,18125,24636,15478,24556,20088,22962,31177,34778,35166.21,43796.73,40473.99,40572.19,34166.25,32411.46
FAOSTAT_3,BRA,total_fertilizers,,,,,,,,,,,,7685196.21,8905665.74,10975249.62,8425089.3,9028448.81,11549175.6,10768013.79,7540435.57,10424767.72,13081009.13,12116475.02,14147326.89,15363337.57,12809826.43,14523279.55,16582859.11
FAOSTAT_3,BRB,total_fertilizers,,,,,,,,,,,,642,1116,2785,1418,1807,1737,1757,1001,1621,1059,1995.22,1268.9,720.1,986.22,796.63,1034.98
FAOSTAT_3,BRN,total_fertilizers,,,,,,,,,,,,672,204,303,617,132,1131,338,412,1727,470,454,223,709,709,709,709
FAOSTAT_3,BTN,total_fertilizers,,,,,,,,,,,,1083,1098,1169,1262,1153,1228,1166,2396,1010,1308,1070.94,1217.94,1422.91,1479.01,1325.33,1325.33
FAOSTAT_3,BWA,total_fertilizers,,,,,,,,,,,,0,0,0,0,0,0,0,15359,21530,9616,15628,22545,23253,23253,23253,23253
FAOSTAT_3,CAF,total_fertilizers,,,,,,,,,,,,78.77,0.32,129.92,245.08,428.03,604.1,399.28,406.06,539.67,800.51,507.31,259.06,10.79,613.75,404.37,336.18
FAOSTAT_3,CAN,total_fertilizers,,,,,,,,,,,,2635197,2685508,2481366,2798402,2120036,3065439,2830666,2726361,3002013,3612675,4060568.52,3646000,3885000,3995000,3825000,3921000
FAOSTAT_3,CHE,total_fertilizers,,,,,,,,,,,,80111,82751,87982,92599,93062,93476,92341,77477,88336,84397,67691.44,81970.42,83244.15,83238.87,84567.26,79592.17
FAOSTAT_3,CHL,total_fertilizers,,,,,,,,,,,,507826,495214,737029,630404,642349,674035,901659,802266,474399,648703,435454,454985,461829,545924,373124.17,373124.17
FAOSTAT_3,CHN,total_fertilizers,,,,,,,,,,,,40515879.47,39972847.3,42893679.94,45705579.72,45814207.86,47057044.48,45576648.37,47015712.03,51511621.9,53182047.83,54078095.65,53779194.72,55618943.32,54558935.73,53724192.41,52995366.31
FAOSTAT_3,CIV,total_fertilizers,,,,,,,,,,,,86853,82167,76213,49785,63763,69571,52814,44392,93049,56268,78063.35,108983.98,122922.26,146840.57,154413.98,137420.08
FAOSTAT_3,CMR,total_fertilizers,,,,,,,,,,,,58221,48605,65934,47698,53859,51418,39102,41758,57282,68423,64081.55,62361.7,59650.42,84508.78,67602.46,80775.96
FAOSTAT_3,COD,total_fertilizers,,,,,,,,,,,,0,0,1299,32,26,176,366,2289,276,697,1191.43,1610.12,1037.21,1114.8,1192.39,1269.98
FAOSTAT_3,COK,total_fertilizers,,,,,,,,,,,,33,47,26,54,65,9,52,54,19,19,26.61,23.35,12.17,68.32,48.38,21.09
FAOSTAT_3,COL,total_fertilizers,,,,,,,,,,,,683204,735369,718315,901840,1088002,1087494,890719,882651,1031693,1182041,1271538.4,941600.52,1061968.62,1132900,1115301.23,1317024.86
FAOSTAT_3,CRI,total_fertilizers,,,,,,,,,,,,125838.31,193130.4,157722.77,143542.48,177548.43,171608.71,183141.98,84252.81,116846.49,163810.44,147396.02,136843.35,131434.41,158493.92,149709.24,160067.88
FAOSTAT_3,CUB,total_fertilizers,,,,,,,,,,,,144722,61918,68673,82180,116722,127553,152898,60661,101159,139562,147160.87,156232.85,206607.6,173340.11,128572.56,129153.5
FAOSTAT_3,CYP,total_fertilizers,,,,,,,,,,,,15965,17722,14849,13404,12538,12060,9230,15768,16749,12701,16862,14660,12685,15544,16650,16628
FAOSTAT_3,CZE,total_fertilizers,,,,,,,,,,,,263742,295144,279818,287382,301864,320042,278198,281484,303927,318224,403039,403869,404854,478861,489191,455322
FAOSTAT_3,DEU,total_fertilizers,,,,,,,,,,,,2594893,2598369,2559567,2485044,2306976,2635171,1904141,2166995,2506576,2273908,2354038,2416417,2583830,2396137,2319996,2096816
FAOSTAT_3,DMA,total_fertilizers,,,,,,,,,,,,433,741,993,1039,671,1380,223,349,313,901,508.95,735.68,482.45,912.96,532.13,248.29
FAOSTAT_3,DNK,total_fertilizers,,,,,,,,,,,,222043,309083,328516,319757,325250,328402,354718,250194,275297,282009,259000,280781,300512,321895,326253,314897
FAOSTAT_3,DOM,total_fertilizers,,,,,,,,,,,,65907,42839,48522,47757,65983,77701,64319,64448,85605,75325,59571,63826,75786.62,92077.16,73122.12,112830.95
FAOSTAT_3,DZA,total_fertilizers,,,,,,,,,,,,72765,45031,188038,55806,99072,111748,64231,107000,118500,118300,160100,168300,190500,175600,155700,155700
FAOSTAT_3,ECU,total_fertilizers,,,,,,,,,,,,227966,203712,277785,195475,256205,237932,264652,224622,299057,318228,292420.11,281988.16,333695.96,277012.83,307664.14,348830.47
FAOSTAT_3,EGY,total_fertilizers,,,,,,,,,,,,1269916,1824243,1653266,1724600,1281981,1337863,1840399,1450148,1732380,1692850,1621214.24,1765585,1805795,1776135.5,1742832.5,1720637.5
FAOSTAT_3,ERI,total_fertilizers,,,,,,,,,,,,3505,972,3,1436,11,2338,0,1920,288,567,678.69,820.37,1006.1,1603.15,1923.24,1774.36
FAOSTAT_3,ESP,total_fertilizers,,,,,,,,,,,,2122908,2281502,2154369,1835448,1810431,1985092,1330529,1211296,1637100,1524000,1540841,1749149,1858350,1860169,1776136,1905402
FAOSTAT_3,EST,total_fertilizers,,,,,,,,,,,,27007,39049,43782,36071,42298,45470,59997,41398,44111,45228,50304,52543,55813,55804,55188,59708
FAOSTAT_3,ETH,total_fertilizers,,,,,,,,,,,,167624,62315,127464,139803,149111,225168,234026,246354,318203,316308,469378.11,282487.41,395507.3,174984.86,218223.29,320034.76
FAOSTAT_3,FIN,total_fertilizers,,,,,,,,,,,,304000,284868,299327,314390,267677,276382,277660,210182,281135,193962,193962,194280.61,206893.56,200022.94,193521.79,200745.36
FAOSTAT_3,FJI,total_fertilizers,,,,,,,,,,,,12152,3273,7699,6660,4271,4046,6950,3655,2698,5855,4773.16,5598.38,5842.38,8801.38,7595.47,8616.66
FAOSTAT_3,FRA,total_fertilizers,,,,,,,,,,,,3881600,4099800,3896000,3537000,3491426,3828000,2785000,2201030,2754950,2582160,2939447,3101304,3087784,3148788,2994568,3147321
FAOSTAT_3,GAB,total_fertilizers,,,,,,,,,,,,1813,1174,1660,2712,2749,2944,3418,3907,1027,1836,3278.66,3295.9,4250.66,9937.79,10344.3,19701.85
FAOSTAT_3,GBR,total_fertilizers,,,,,,,,,,,,1788000,1778000,1672000,1563000,1549000,1541000,1285000,1451000,1497000,1447000,1460000,1545000,1516950,1492940,1523940,1483000
FAOSTAT_3,GEO,total_fertilizers,,,,,,,,,,,,26400,11524,14223,25045,21958,19140,17227,19461,13966,46059,53371.48,72520.16,58176.19,56242.91,58766.25,46609.95
FAOSTAT_3,GHA,total_fertilizers,,,,,,,,,,,,15660,28621,52802,23995,84251,76368,65473,87306,86395,62448,163361,118718,73800,110475.42,98120,98120
FAOSTAT_3,GIN,total_fertilizers,,,,,,,,,,,,2400,1965,2627,2521,2430,3398,3698,1807,2705,10391,8795.5,8891.01,3171.57,2829.76,8554.7,48392.87
FAOSTAT_3,GMB,total_fertilizers,,,,,,,,,,,,0,2821,2508,3171,3172,2720,1585,2715,3285,4624,1162.04,181.78,204.82,245.12,299.69,172.21
FAOSTAT_3,GRC,total_fertilizers,,,,,,,,,,,,424876,439589,463802,377485,322042,248751,304286,160706,314447,407574,278000,294253,273691,256770,268902,278751
FAOSTAT_3,GTM,total_fertilizers,,,,,,,,,,,,142201,177660,199914,198367,204882,195067,121907,160175,226238,252543,285068,285460.46,278237.34,294870.37,261318.04,310172.28
FAOSTAT_3,GUY,total_fertilizers,,,,,,,,,,,,14900,10375,20175,9281,13684,13715,23855,8507,16514,11694,18288.2,25857.48,22322.71,23568.34,18733.7,2440.23
FAOSTAT_3,HND,total_fertilizers,,,,,,,,,,,,34130,58630,141715,168894,198277,186895,109670,63565,66019,106152,109875.99,179915.73,142572.42,134301.28,167412.71,187902.51
FAOSTAT_3,HRV,total_fertilizers,,,,,,,,,,,,220496,252981,264759,257106,335474,349374,426243,142991,268887,278884,173474,140934,156197,153373,104038,174469
FAOSTAT_3,HUN,total_fertilizers,,,,,,,,,,,,437000,439000,453000,392000,456000,507000,443373,355256,370396,410002,438009,490119,487125,519995,554564,610276
FAOSTAT_3,IDN,total_fertilizers,,,,,,,,,,,,2489222,2938147,3236411,3303912,3397346,3992059,4188796,4286696,4283793,4662837,5203810.2,5159718.3,5460675.2,5443037.13,5444238.66,5824967.75
FAOSTAT_3,IND,total_fertilizers,,,,,,,,,,,,16095991,16807212,18406670,20347381,21642119,22571108,24228437,26445526,28110244,28373686,25536100,24482500,25581400,26752600,25949900,26593400
FAOSTAT_3,IRL,total_fertilizers,,,,,,,,,,,,702690,630920,562050,542316,497954,453173,416298,519860,467528,457170,549587,526343,556362.97,577055.28,556580.47,621892.5
FAOSTAT_3,IRN,total_fertilizers,,,,,,,,,,,,1408887.35,1513354.04,1611800.62,1711115.31,2117363.11,1648513.6,1680402.53,1407057.95,1388930.03,734923.24,786635.66,834352.74,1075279.67,697295.7,698154.45,698154.45
FAOSTAT_3,IRQ,total_fertilizers,,,,,,,,,,,,0,0,109632,216387,222020,185960,227760,218217,137160,168120,213403.18,231038.74,97910.34,77346.05,143905.87,251613.61
FAOSTAT_3,ISL,total_fertilizers,,,,,,,,,,,,18802,15852,17792,17229,21649,24271,24985,15357,18290,19450,21390,20459,24450,17878,21965,17909
FAOSTAT_3,ISR,total_fertilizers,,,,,,,,,,,,87900,94500,99800,91000,92400,105500,84100,61000,60600,74400,82200,84600,79400,72400,82800,92300
FAOSTAT_3,ITA,total_fertilizers,,,,,,,,,,,,1418087,1414334,1447535,1336239,1305785,1364139,1075785,838499,864377,902647,872000,882755,851523,885372,880660,877960
FAOSTAT_3,JAM,total_fertilizers,,,,,,,,,,,,12781,15146,16485,14828,8130,4527,4517,6983,7515,8541,10485,9977.51,13834.29,4569.81,6869.56,7954.3
FAOSTAT_3,JOR,total_fertilizers,,,,,,,,,,,,310139,162157,99595,145043,131760,141392,50448,79288,33339,215565,289012.16,30261,21985,40322,26653,24883
FAOSTAT_3,JPN,total_fertilizers,,,,,,,,,,,,1473933,1473746,1548781,1517146,1445470,1516154,1198609,1025957,1112611,1122533,1049400,1036800,1099100,1014300,1030000,1030000
FAOSTAT_3,KAZ,total_fertilizers,,,,,,,,,,,,23700,33740,42100,40800,41400,58900,30900,56400,58688,87412,129657,84909,116487,127150,127150,127150
FAOSTAT_3,KEN,total_fertilizers,,,,,,,,,,,,139051,170316,145546,180695,176052,192895,176424,175214,166909,252776,202916.98,224843.96,248503.27,165583.61,168369.59,131271.22
FAOSTAT_3,KGZ,total_fertilizers,,,,,,,,,,,,9483,33211,28924,31623,28494,28742,24277,28159,28918,24457,31042,35075,40980,34190,40457,25596.9
FAOSTAT_3,KHM,total_fertilizers,,,,,,,,,,,,21555,14274,19854,29989,29610,33264,28273,37354,46048,61880,91536.34,71012.14,105545.86,117124.83,84750.94,84750.94
FAOSTAT_3,KNA,total_fertilizers,,,,,,,,,,,,55,55,55,55,90,50,82,51,51,52,52,0.03,115.24,26.38,37.55,26.17
FAOSTAT_3,KOR,total_fertilizers,,,,,,,,,,,,788064.8,803259.07,868523.64,1057568.07,768536.55,816498.14,694457.73,520105.65,511541.81,506021.47,740653.84,545679.8,540358.46,523654.33,531684.4,494117.09
FAOSTAT_3,KWT,total_fertilizers,,,,,,,,,,,,0,0,0,374440,7588.41,15833.95,33659.71,21955.41,1283.96,4084.52,3186.08,2735.87,4082.93,104755.73,6005.79,7269.5
FAOSTAT_3,LBN,total_fertilizers,,,,,,,,,,,,34242.03,31871.56,34697.01,21985.32,15438.04,23217.73,20099.33,20564.6,25513.04,42548.58,31741.26,27595.03,29128.9,34226.86,89447,70808.49
FAOSTAT_3,LBY,total_fertilizers,,,,,,,,,,,,65334.9,35477.99,50447.4,52465.53,55061.22,53276.21,51485.73,58605.18,66161.9,31938.45,42827.22,62277.86,39417.33,31378,26802.23,34608.83
FAOSTAT_3,LCA,total_fertilizers,,,,,,,,,,,,0,0,0,0,0,0,18,264,358,252,785.53,336.65,721.2,702.97,512.68,393.82
FAOSTAT_3,LKA,total_fertilizers,,,,,,,,,,,,285071,246225,258309,280821,305881,288525,374054,309514,274857,334509,267611.82,226181.39,339708.97,399291.2,165404.32,154983.06
FAOSTAT_3,LTU,total_fertilizers,,,,,,,,,,,,180544,224761,280866,186006,191953,165324,161357,90888,220260,169682,242000,251121,262640,266236,282534,296851
FAOSTAT_3,LUX,total_fertilizers,,,,,,,,,,,,16583,16583,20684,18789,17618,16861,15532,15108,15995,16810,16173,15462,15074,15240,16214,15647.15
FAOSTAT_3,LVA,total_fertilizers,,,,,,,,,,,,49229,47366,64706,74300,75500,80457,78328,75784,91081,96383,107864,121593,122259,128833,134200,133495
FAOSTAT_3,MAR,total_fertilizers,,,,,,,,,,,,550787,500843,401942,518080,485200,474460,433412,330149,441892,461361,458620,516874,542343,578088.5,529379.76,566231.1
FAOSTAT_3,MDA,total_fertilizers,,,,,,,,,,,,15000,13900,15300,16500,15398,20083,22677,17015,20051,23629,34700,44800,44813,75871,94208,98296
FAOSTAT_3,MDG,total_fertilizers,,,,,,,,,,,,6204.84,6960.88,6677.39,16702.12,7579.35,9632.87,12820.52,7815.67,8931.86,12611.02,21115.02,4138.31,7886.97,6148.69,8629.67,38963.55
FAOSTAT_3,MDV,total_fertilizers,,,,,,,,,,,,18,24,31,89,353,262,67,394,368,143,525.72,754.74,235.51,249.91,367.32,441.66
FAOSTAT_3,MEX,total_fertilizers,,,,,,,,,,,,1512997,1578903,1699546,1844796,1612814,1764885,1244617,1240381,1764380,1674532,2208804.99,2200628.3,1547838.68,1602209.17,2190931.29,2402953.15
FAOSTAT_3,MHL,total_fertilizers,,,,,,,,,,,,2.04,1.25,0.46,1.44,0.72,0,440.28,0,0.89,0,0,0,0,0,0,0
FAOSTAT_3,MKD,total_fertilizers,,,,,,,,,,,,15399,15451,24655,27786,25228,28930,23811,23813,27784,26338,23844.1,28747.34,29748.78,27546.4,32994.99,28767.68
FAOSTAT_3,MLI,total_fertilizers,,,,,,,,,,,,0,0,260312,87925,99355,180340,129517,38089,122718,150992,141922.15,165860,200051.88,241821.3,283590.73,223007.57
FAOSTAT_3,MLT,total_fertilizers,,,,,,,,,,,,929,876,1170,866,1184,886,592,434,579,834,2115.15,3551.95,4006.48,4297.24,2399.06,885.35
FAOSTAT_3,MMR,total_fertilizers,,,,,,,,,,,,42309,101554,197364,65596,93192,166830,81378,67316,71755,161738,168096.62,210391.96,263270.98,259457.79,194133.8,428676.82
FAOSTAT_3,MNE,total_fertilizers,,,,,,,,,,,,0,0,0,0,3254,2720,2559,1960,2469,2171,2148.43,2534.24,2417.48,2283.47,2566.87,2149.52
FAOSTAT_3,MNG,total_fertilizers,,,,,,,,,,,,4448,4017,5873,3657,6514,6018,6941,7570,11080,13965,16940.82,25379.57,19259.83,23195,25822.65,36736.79
FAOSTAT_3,MOZ,total_fertilizers,,,,,,,,,,,,26600,3313,10395,7137,22751,13836,61653,22184,46327,41561,31750.3,33397.18,42567.58,23634.94,25807.26,29033.43
FAOSTAT_3,MUS,total_fertilizers,,,,,,,,,,,,28335,26352,26769,29933,21403,22860,18302,18237,13056,18972,20888.25,18611.12,23496.79,13787.71,20494.35,19321.01
FAOSTAT_3,MWI,total_fertilizers,,,,,,,,,,,,84684,93232,103218,97574,121521,125156,120303,107960,130893,106282,92390.13,103719.58,143193.76,115338.95,96157.99,112798.91
FAOSTAT_3,MYS,total_fertilizers,,,,,,,,,,,,1085329,1189238,1494329,1395565,1540267,1718065,1866573,1417615,1864533,1482271,1573818.38,1417120.8,1705577.11,1468491.01,1520029.38,1520029.38
FAOSTAT_3,NAM,total_fertilizers,,,,,,,,,,,,3185,1150,2612,1556,2314,1972,229,1272,3547,5284,12027.17,8688.97,4910.93,11615.89,20885.37,20029.49
FAOSTAT_3,NER,total_fertilizers,,,,,,,,,,,,8541,4126,3385,5475,7459,5297,2289,5267,7490,7576,14680.39,10704.13,16787.29,6782.7,6755.12,6755.12
FAOSTAT_3,NGA,total_fertilizers,,,,,,,,,,,,153982,214935,159079,259104,369431,155587,211566,168353,403051,223084,303404.4,306617.88,323063.69,287543.32,387843.9,644814.88
FAOSTAT_3,NIC,total_fertilizers,,,,,,,,,,,,56817,65386,64302,56227,60687,56646,46084,57241,53181,77514,76914,51767,76617,87071.44,89003.12,128467.1
FAOSTAT_3,NLD,total_fertilizers,,,,,,,,,,,,392802,397092,402871,375303,377796,320207,285538,251199,299955,248292,293000,240003,259006.66,278010.34,297014,297014
FAOSTAT_3,NOR,total_fertilizers,,,,,,,,,,,,180499,185965,187035,188662,185687,187928,180477,149548,140355,157186,152086,154140,157218,164893,164163,159363
FAOSTAT_3,NPL,total_fertilizers,,,,,,,,,,,,38950,11711,18458,8137,12751,3604,3030,40046,54689,77446,56540,115097,142400.7,156655.06,147565.23,138475.4
FAOSTAT_3,NRU,total_fertilizers,,,,,,,,,,,,0,0,0,0,0,0,0,0,0,0,0,0,0,0,0,0
FAOSTAT_3,NZL,total_fertilizers,,,,,,,,,,,,874122,945819,739472,1155442,995496,993286,782154,599027,634047,838667,861618,816802,879662,1013026,1013026,1013026
FAOSTAT_3,OMN,total_fertilizers,,,,,,,,,,,,9522.22,6324.88,9965.43,10444.67,14126.99,10486.22,14156.69,8830.67,10225.36,7573.28,13554.89,14549.94,19579.31,20909.33,26269.37,23794.42
FAOSTAT_3,PAK,total_fertilizers,,,,,,,,,,,,3043040,3149260,3357710,3725496,3812141,3574021,3510296,4246113,4064776,3868533,3549038,4134858,4104960,4179136,4480006,4758868
FAOSTAT_3,PAN,total_fertilizers,,,,,,,,,,,,22141,28034,23104,18862,20734,18408,19337,25675,36272,21149,43353.24,50079.13,33330.12,42102.76,25820.4,33156.57
FAOSTAT_3,PER,total_fertilizers,,,,,,,,,,,,306551,315614,329912,301513,339974,403256,298483,385209,365693,408016,391703.26,398145.49,405622.92,445795.52,447971.15,539478.77
FAOSTAT_3,PHL,total_fertilizers,,,,,,,,,,,,722292,858660,818410,761538,714283,842740,572103,667949,802608,789494,660400,871341.47,879550.67,784234.74,890862.28,961487.78
FAOSTAT_3,PNG,total_fertilizers,,,,,,,,,,,,35006,88544,17670,17138,14722,18962,21211,31156,32845,25643,32240.64,29629.6,32601.46,31399.1,33616.09,36981.61
FAOSTAT_3,POL,total_fertilizers,,,,,,,,,,,,1511700,1622100,1628400,1966100,1970700,2142000,1899400,1771300,1954400,1883800,1943400,1935300,1792200,1895400,2049800,2077000
FAOSTAT_3,PRT,total_fertilizers,,,,,,,,,,,,312593,271097,320180,264697,170194,233558,189729,142395,170939,149303,169540,190802,209786.23,198721.74,187811.98,186648.17
FAOSTAT_3,PRY,total_fertilizers,,,,,,,,,,,,153168,217265,264282,227540,258160,343292,280663,252170,340284,420330,367225.33,435359.34,505248.8,468464.92,529677.93,543456.16
FAOSTAT_3,QAT,total_fertilizers,,,,,,,,,,,,511,0,49353,7349,0,70380,3600,38300,85480,144260,92280,91080,96600,96600,96600,96600
FAOSTAT_3,ROU,total_fertilizers,,,,,,,,,,,,326123,362260,380004,461392,362884,387216,397985,426207,480588,486944,437972,491831,452239,532702,514126,514126
FAOSTAT_3,RUS,total_fertilizers,,,,,,,,,,,,1166175,1348580,1394880,1436120,1517330,1732810,1932120,1901990,1912870,1969160,1877480,1861020,1934280,2026990,2273277,2472910
FAOSTAT_3,RWA,total_fertilizers,,,,,,,,,,,,0,2449,2035,3400,3886,8824,10753,1444,94,114,5834.28,13211.29,14500.05,22697.35,12504.58,12504.58
FAOSTAT_3,SAU,total_fertilizers,,,,,,,,,,,,365500,382200,399000,335700,366000,394500,231000,210000,200000,200500,192000,276600,273100,318400,319400,319400
FAOSTAT_3,SDN,total_fertilizers,,,,,,,,,,,,0,0,0,0,0,0,0,0,0,0,66081.06,51831.07,83269.68,89844.79,191260.15,172526.32
FAOSTAT_3,SEN,total_fertilizers,,,,,,,,,,,,35973,32072,37970,30842,6548,6116,8337,24404,31169,22531,34730,39620,37570,52210,53369.47,55949.66
FAOSTAT_3,SGP,total_fertilizers,,,,,,,,,,,,3837.38,12286.24,13631.28,13679.26,16227.68,13777.56,15184.71,12535.05,29500.47,25532.15,8946.94,8233.96,589.75,18517.48,16877.28,22532.66
FAOSTAT_3,SLV,total_fertilizers,,,,,,,,,,,,49432,53245,60168,91682,65699,96144,87355,79544,120706,129068,102030.79,102845.16,69003.25,81909.18,69330.02,86293.68
FAOSTAT_3,SRB,total_fertilizers,,,,,,,,,,,,0,0,0,0,389505,506908,378267,473344,383451,417812,568716.74,514672.74,393257.56,412927.25,568648.42,530416.67
FAOSTAT_3,SUR,total_fertilizers,,,,,,,,,,,,4148,5998,7475,5212,8983,6874,25787,9181,11656,11965,9826.12,10250.39,12674.49,13412.78,14151.06,15079.72
FAOSTAT_3,SVK,total_fertilizers,,,,,,,,,,,,117180,111554,116548,111981,126475,123862,103766,108224,118409,133468,148864,148864,158318,152538,169402,163425.46
FAOSTAT_3,SVN,total_fertilizers,,,,,,,,,,,,67784,69250,63131,58001,57317,56792,51326,43084,49206,47287,45995,47003,48417,49278,47614,47279.56
FAOSTAT_3,SWE,total_fertilizers,,,,,,,,,,,,267400,261900,259900,236800,229100,236100,260400,168600,214869,222403,197728,219183,240173,249544,248027.81,264551.57
FAOSTAT_3,SYC,total_fertilizers,,,,,,,,,,,,0,24,11,34,11,30,34,52,29,45,73.5,51.25,50.56,122.54,78.26,96.9
FAOSTAT_3,SYR,total_fertilizers,,,,,,,,,,,,313944,350800,348123,397122,394807,381937,413465,305520,154750,231804,141080.41,63209.35,30251.19,27194.61,19314.79,11574.09
FAOSTAT_3,TGO,total_fertilizers,,,,,,,,,,,,12285,17599,7889,20336,11508,14512,1,14788,22046,25099,13929.71,55632.8,1558.42,26508.14,29219.23,15873.17
FAOSTAT_3,THA,total_fertilizers,,,,,,,,,,,,1778115.2,2255018,2003092.79,1716856.73,1785015.08,2066490.9,1972951.47,1909767.6,2504267.02,2565821.64,2532919.06,2801899.05,2546468.92,2293144.16,2372540.22,2372540.22
FAOSTAT_3,TJK,total_fertilizers,,,,,,,,,,,,0,0,26408,28633,54500,55300,52200,48176,45490,49945,53565.34,53907.88,62915.72,61499.14,54536.42,65224.71
FAOSTAT_3,TON,total_fertilizers,,,,,,,,,,,,194,4523,1471,1425,734,152,162,4444,4066,1842,5743.73,11076.63,136.34,172.42,224.35,236.94
FAOSTAT_3,TTO,total_fertilizers,,,,,,,,,,,,4400,4400,6400,6000,5900,5900,5100,5600,5700,5800,6900,7700,9000,8900,9100,9100
FAOSTAT_3,TUN,total_fertilizers,,,,,,,,,,,,141165.27,174303.92,113595.79,155979.94,79690.49,106743.59,327440.21,82510.05,256578.55,107590.09,150685.84,82761.55,117450.79,153306.17,81756.89,295116.86
FAOSTAT_3,TUR,total_fertilizers,,,,,,,,,,,,1746666,1970135,2044015,2067475,2110514,1985593,1551367,2232592,2103665,1847301,2064828,2312134,2180242,2202736,2807280,2644333
FAOSTAT_3,TZA,total_fertilizers,,,,,,,,,,,,31818,38050,50247,55818,52357,50716,52966,86533,101925,105865,104712,151441.21,120202.25,120384.01,170160.68,163616.02
FAOSTAT_3,UGA,total_fertilizers,,,,,,,,,,,,7463,9331,8758,5756,7652,7497,18976,13746,11606,12068,14663.83,16847.73,12557.97,11022.4,13184.85,14228.42
FAOSTAT_3,UKR,total_fertilizers,,,,,,,,,,,,519057,512481,533290,557930,699330,896440,1064720,886760,1060640,1263310,1346530,1493710,1471640,1415010,1728850,2028080
FAOSTAT_3,URY,total_fertilizers,,,,,,,,,,,,84278,153222,180554,195654,207581,205919,190660,206167,296378,309495,384803.75,582114.23,449439.73,254905.4,341030.01,343274.07
FAOSTAT_3,USA,total_fertilizers,,,,,,,,,,,,19462900,20520700,20492900,19582600,20247000,19954800,18192157,17137601,18262765,20070761,20565302.1,20994055,20660881,20211336,20544035,20459267
FAOSTAT_3,UZB,total_fertilizers,,,,,,,,,,,,719000,693000,625000,652000,715000,725086,747445,833343,856885,880427,865415,943798,989413,1004965,1023894,1023894
FAOSTAT_3,VEN,total_fertilizers,,,,,,,,,,,,301000,303500,320000,351000,306000,373810,496250,446460,472940,486423.08,513393.66,520076.34,491083.47,495142.52,488400,488400
FAOSTAT_3,VNM,total_fertilizers,,,,,,,,,,,,1950219.05,2191007.4,2379576.52,2159486.55,2177188.77,2546035.72,1906510.31,2795791.54,2351282.43,2277344.51,2375763.23,3107722.15,2799980.72,3027125.59,2972095.15,3186088.27
FAOSTAT_3,WSM,total_fertilizers,,,,,,,,,,,,10,24,40,37,24,38,49,35,16,15,3.77,22.57,7.74,11.1,15.79,11.45
FAOSTAT_3,YEM,total_fertilizers,,,,,,,,,,,,11600,5630,18105,4901,11574,29220,18220,14100,25120,14400,19291.18,36482,25877.38,2064.98,20800.94,14807.5
FAOSTAT_3,ZAF,total_fertilizers,,,,,,,,,,,,838507,750041,801825,623586,785439,768874,720553,762733,674037,726040,744042,721481,812663,731395,731395,731395
FAOSTAT_3,ZMB,total_fertilizers,,,,,,,,,,,,67325,75221,85587,76312,77365,95354,117980,91511,99190,166130,142979.17,181196.91,191774.06,212489.15,243145.12,273801.08
FAOSTAT_3,ZWE,total_fertilizers,,,,,,,,,,,,130310,146032,86352,85018,132661,108141,93475,117990,136332,111503,73000,75900,101800,91600,130000,130000
FAOSTAT_3,WORLD,total_fertilizers,,,,,,,,,,,,141324337,147338702.1,155611662,156916872.1,159183029,167774829.4,159477097.9,156826353.8,173095988,180775265.7,180370474.7,183584550.6,187877878.7,184599434.7,187210109.4,192224457.1
FAOSTAT_3,AGO,total_pesticides_use,81.67,25.33,169,25.5,336,40,40,40,40,40,40,40,40,40,40,40,40,40,40,40,40,40,40,40,40,40,40
FAOSTAT_3,ALB,total_pesticides_use,121,121,121,201,251,261.89,272.78,283.68,294.57,305.46,316.35,327.25,338.14,349.03,359.92,370.82,381.71,392.6,403.49,582.93,574.62,353.05,441.53,447.89,590.41,656.52,681.14
FAOSTAT_3,ARG,total_pesticides_use,26156,26156,26156,30195,37842,54595,77691,62397,73152.15,83907.29,94662.44,105417.59,116172.73,126927.88,137683.03,148438.17,185617.65,202151.41,138831.47,234430.38,219255.93,215405.95,211555.98,207706,203806.98,199907.95,196008.93
FAOSTAT_3,ARM,total_pesticides_use,0,8,8,23,23.9,32,41.46,50.92,60.38,69.85,79.31,88.77,98.23,204.77,220.51,227.55,241.71,218.2,198.36,278.72,278.72,278.72,278.72,278.72,278.72,278.72,278.72
FAOSTAT_3,ATG,total_pesticides_use,7.52,7.52,7.52,7.52,7.52,7.52,7.52,7.52,7.52,7.52,7.52,7.52,7.52,7.52,7.52,7.52,7.52,7.52,7.52,7.52,39.26,31.5,28.3,27.47,26.64,26.64,26.64
FAOSTAT_3,AUS,total_pesticides_use,17866,22234,23899,21057,25598,31185,34091,37215,34200,33475,32710,26651,32418,36276,34310,35900,32446.24,42935.38,38065.69,42169.39,47632.98,48687.88,45177.19,49857.35,50921.6,63416.48,63416.48
FAOSTAT_3,AUT,total_pesticides_use,4487,3897,3984,3619,3402,3565,3689.6,3340.3,3418.6,3563.2,3132.2,3079.2,3384.9,3301.7,3404,3415.7,3526.6,4246.7,3531.8,3692.4,3441.5,3563.3,3108.6,3380.7,3787.1,3662.1,4655.3
FAOSTAT_3,AZE,total_pesticides_use,0,148.68,148.68,148.68,148.68,148.68,148.68,148.68,148.68,148.68,148.68,148.68,148.68,148.68,148.68,148.68,148.68,262.99,316.18,333.85,461.84,516.35,489.8,531.84,529.69,542.82,542.82
FAOSTAT_3,BDI,total_pesticides_use,92.08,92.08,96.99,84.45,144.2,207.1,117.56,107.29,150.24,109.87,72.58,98.1,263.7,508.26,304.83,190.51,412.66,456.44,177.75,264.53,75.64,98.59,956.06,74.49,72.74,50.26,50.26
FAOSTAT_3,BEL,total_pesticides_use,0,0,0,0,0,0,0,0,0,9560.49,8529.07,9204.64,8822.52,9186.39,9776.26,8244.16,6712.05,6516.47,5496.04,4644.53,5740.44,6139.3,5905.6,6490.46,5848.26,6014.67,5742.39
FAOSTAT_3,BFA,total_pesticides_use,29.1,29.1,17,6,3.04,39.16,75.29,111.41,93.43,75.44,57.46,39.47,21.49,1.28,92.21,109.24,292.05,190.92,132.3,442.89,843,843,843,843,843,843,843
FAOSTAT_3,BGD,total_pesticides_use,1287,1453,1487,1594.5,1702,1919,2035,2068,2532,3170,3312.12,4186.81,5446.67,6984.41,8083.26,9408.51,10914.45,12402.75,13755.78,13250.83,14798.28,13289.18,15330.16,15857.26,13364.42,14387.63,15144.49
FAOSTAT_3,BGR,total_pesticides_use,3906,3906,3777.25,3648.5,3519.75,3391,3262.25,3133.5,3004.75,2876,2747.25,2618.5,2489.75,2361,2232.25,2103.5,1974.75,1846,1717.25,1588.5,1459.75,1331,1197,1001,1541.9,3759.1,3383.2
FAOSTAT_3,BHR,total_pesticides_use,14.05,14.05,14.05,30.86,12.46,12.16,9.42,11.15,12.65,8.65,9.2,0.91,6.03,12.24,12.75,12.12,16.25,10.45,12.59,9.84,9.14,9.14,9.14,9.14,9.14,9.14,9.14
FAOSTAT_3,BHS,total_pesticides_use,452.87,452.87,452.87,452.87,452.87,452.87,452.87,452.87,452.87,452.87,363.18,325.34,270.38,237.73,292.96,253.73,253.73,253.73,253.73,253.73,253.73,253.73,253.73,253.73,253.73,253.73,253.73
FAOSTAT_3,BLR,total_pesticides_use,0,4896.89,4896.89,4896.89,4896.89,4896.89,4896.89,4896.89,4896.89,4896.89,4896.89,4896.89,4896.89,4896.89,4896.89,4896.89,4896.89,4896.89,4896.89,4896.89,4896.89,5682.01,5479.34,4970.93,3566.28,3258.9,3558.02
FAOSTAT_3,BLZ,total_pesticides_use,696,997,1057.83,1118.67,1179.5,1240.33,1301.17,1362,1362,1296,1719,1529.27,1339.54,1149.81,960.08,770.35,674.53,984.03,788.62,700.39,826.58,638.28,1036.68,880.1,1067.18,1258.98,1176.74
FAOSTAT_3,BOL,total_pesticides_use,1456.24,706.97,1066.4,1424.31,1782.22,2140.12,2498.03,2855.94,3213.85,3571.76,3929.66,4287.57,4645.48,6269.53,7143.74,7770.18,8179.42,8869.27,10280.78,11822.61,12384.95,13476.67,16227.45,15326.81,14252.11,14758.31,14758.31
FAOSTAT_3,BRA,total_pesticides_use,58349.44,67003.89,75658.33,84312.78,92967.22,101621.67,110276.11,118930.56,127585,140423,151523,145552,182446,214725,232232,238716,304031,312637,335742,342580,345026,346583,367778,352336,395646,377176,377176
FAOSTAT_3,BRB,total_pesticides_use,550,550,550,514,664,475,168.46,168.46,168.46,168.46,168.46,168.46,168.46,168.46,168.46,168.46,168.46,168.46,168.46,168.46,168.46,168.46,168.46,168.46,168.46,168.46,168.46
FAOSTAT_3,BRN,total_pesticides_use,2.1,2.1,2.1,2.1,2.1,2.1,2.1,2.1,2.1,2.1,2.1,2.1,2.1,2.1,2.1,9.92,13.65,5.98,27.93,38.49,9.06,1.62,11.97,20.54,20.54,20.54,20.54
FAOSTAT_3,BTN,total_pesticides_use,4.54,4.53,3.39,24.5,29.18,32.33,2,2.31,2.4,3.21,2.54,1.87,5.16,6.64,2.09,5.93,7.05,5.82,5.68,6.56,9.07,7.44,5.4,3.38,10.81,12.17,12.17
FAOSTAT_3,BWA,total_pesticides_use,19,17,17,17,17,17,17,17,17,17,17,17,17,17,17,17,17,17,17,17,17,17,17,17,17,17,17
FAOSTAT_3,CAF,total_pesticides_use,0.04,0.04,0.25,2.16,22.87,22.87,22.87,22.87,22.87,22.87,22.87,22.87,22.87,22.87,22.87,22.87,22.87,22.87,22.87,22.87,22.87,22.87,22.87,22.87,22.87,22.87,22.87
FAOSTAT_3,CAN,total_pesticides_use,29477.5,29387,29296.5,29206,32223.4,35240.8,38258.2,41275.6,44293,39667,38456,34226,35596,36138,36363,36572.75,45140.03,53707.3,54529.4,61050,62107.2,73508.9,81659.8,76314,75318.3,90838.7,90838.7
FAOSTAT_3,CHE,total_pesticides_use,2055.9,2018.7,1934.5,1922.5,1826.3,1746.3,1644.3,1563.6,1526.6,1576.9,1561.9,1526.6,1476.7,1390.7,1388.3,1359.04,2099.3,2011.47,2170.4,2059.6,2132.14,2077.9,2098.5,2183.59,2160.34,2112.75,1997.69
FAOSTAT_3,CHL,total_pesticides_use,15373,15373,15373,15373,15373,15373,15373,15373,15373,14264.54,13156.09,12047.63,10939.18,9830.72,9830.72,9830.72,9830.72,9830.72,9830.72,9830.72,9830.72,9830.72,9830.72,9830.72,9830.72,9830.72,9830.72
FAOSTAT_3,CHN,total_pesticides_use,775388.37,809244.37,854860.37,988608.37,1097075.37,1150843.77,1204908.17,1240708.57,1333139.97,1288619.37,1283381.37,1322948.37,1335502.74,1395814.01,1469311.84,1546108.98,1632584.56,1681188.47,1717687.15,1765944.22,1795371.35,1815505.77,1811604.85,1815732.79,1772420.36,1772588.89,1773634.4
FAOSTAT_3,CIV,total_pesticides_use,16,16,16,143,134,93,93,93,93,93,93,93,93,93,93,93,93,93,93,93,93,93,93,93,93,93,93
FAOSTAT_3,CMR,total_pesticides_use,190.47,1842.46,1244.42,646.39,48.35,180.08,630.12,258.02,654,546,687,815.79,957.36,849.48,829.59,950.22,918.88,882.13,813.77,1160.63,1372.47,1372.47,1372.47,1372.47,1372.47,1372.47,1372.47
FAOSTAT_3,COD,total_pesticides_use,29,35,41,11.2,12.2,14.2,13.24,12.27,11.31,10.34,9.38,8.41,7.45,6.48,5.52,4.55,3.59,2.62,1.66,0.87,0.87,0.87,0.87,0.87,0.87,0.87,0.87
FAOSTAT_3,COK,total_pesticides_use,1,1,1,0.86,0.71,0.9,1.63,1.58,1.5,1.5,1.9,2.29,2.69,2.79,3.04,3.21,3.23,3.6,3.33,3.33,3.33,3.33,3.33,3.33,3.33,3.33,3.33
FAOSTAT_3,COL,total_pesticides_use,16817,15305.94,14961.81,17051.34,20156.23,18131,16005,60687,66088,75843.01,85515.31,84023.27,88772.16,105514.2,117881.47,98328.65,82439.08,48538.99,51435.15,48618.49,53797.03,48727.73,54563.38,73744.34,33689.3,32391.55,37698.3
FAOSTAT_3,COM,total_pesticides_use,0.7,0.7,0.7,0.7,0.7,0.7,0.7,0.7,0.7,0.7,0.67,0.64,0.61,0.58,0.55,0.52,0.49,0.27,0.03,0.03,0.03,0.03,0.03,0.03,0.03,0.03,0.03
FAOSTAT_3,CPV,total_pesticides_use,1,1,1,2,0.68,0.5,1.74,7.03,11,7,5,5,5,5,5,5,5,5,5,5,5,5,5,5,5,5,5
FAOSTAT_3,CRI,total_pesticides_use,1447.15,1447.15,1447.15,1475.13,1503.12,2747.79,4104.66,7898,16889,25865,10704,11125.01,10639.01,10990.02,10937.02,10988.03,12746.56,13317,12306.67,14241.84,12811.25,12811.25,12811.25,12811.25,12811.25,12811.25,12811.25
FAOSTAT_3,CYP,total_pesticides_use,1970.71,1695.53,2044.07,2518.2,2030.77,2417.19,2224.09,1660.96,1097.84,534.71,627.82,975,720,650,620,812,495,447,707,620,567.7,727.01,886.89,1046.78,947.88,611.09,1006.13
FAOSTAT_3,CZE,total_pesticides_use,0,0,3545.1,3593.15,3757.2,3631.1,4085.03,4351.03,4242.02,4533.04,4649.12,4977.62,4590,5318.44,5384.76,5693.11,6194.49,5440,4759.9,4957.4,5306.06,5345.4,5146.98,4683.39,4472.88,4433.88,4434.04
FAOSTAT_3,DEU,total_pesticides_use,32006,29542,25170,26330,30090,31683,30414,33377,30019,35273.17,33423.49,34431.72,35539.26,34930.37,36386.27,38540.15,40740.64,43413.01,39289.43,40832.42,43754.35,45522.5,43756.1,45836.29,48131.97,46920.98,48193.34
FAOSTAT_3,DNK,total_pesticides_use,4628,4566,4103,3922,5043,3672,3679,3623,2867,3174,3311,2868,2954,2899,3246,3212,3336,4145,2836,3894,4249.48,5716,4118,1779.89,2593.78,2558.96,2629.79
FAOSTAT_3,DOM,total_pesticides_use,4971,4971,4971,4971,3449,3493,3846,4375,5398,5082,7182,4018.07,854.14,3713.96,3515.56,4116.45,5689.8,5409.43,5975.25,6316.61,6275.95,6235.29,6194.62,6153.96,6308.54,6676,8985.23
FAOSTAT_3,DZA,total_pesticides_use,6035.05,2816.84,2650.67,2999.28,5196.29,1131.55,762.82,439.62,1168.83,1673.1,2177.37,2681.64,3185.91,3690.18,2726.44,2419.85,3478.36,5635.95,3084.25,1785.42,7528.05,8896.01,8185.41,7067.36,4432.77,4069.22,5983.19
FAOSTAT_3,ECU,total_pesticides_use,2377,2012,1844,2670,2658,2407,7612,21500,14216,17948,7344,1306.49,30634.53,29799.84,18391.23,7953.42,14156.16,15396.14,9666.87,31637.12,17529.44,11469.74,6471.77,33573.94,34806.29,34633.74,34252.8
FAOSTAT_3,EGY,total_pesticides_use,8255,6156,4175,4283,4391,4499,4607,4715,4823,4931,5039,5147,5255,5363,5471,9781,9105,9527,9013,11590,12945,13991,13653,11363,8043.71,8043.71,8043.71
FAOSTAT_3,ERI,total_pesticides_use,0,0,4.44,4.44,4.44,4.44,30.92,19.61,22.28,24.96,27.63,27.63,27.63,27.63,27.63,27.63,27.63,27.63,27.63,27.63,27.63,27.63,27.63,27.63,27.63,27.63,27.63
FAOSTAT_3,ESP,total_pesticides_use,39147,31839,29408,31244,27852,33236,34023,35070,33614,34597,35700,40727,41586,47445,41017,39767,39286,40719,35199,39043,53549,48668,54197,61067,59018,61895,60896.4
FAOSTAT_3,EST,total_pesticides_use,0,469,170,176,154,133,200,195,187,315,329,331,323,351,386,452,460,551,402,514,460,553,567,597,594,712,673.98
FAOSTAT_3,ETH,total_pesticides_use,0,0,242,242,242,383,383,383,494.83,606.67,630,824.63,1019.25,1213.88,1408.5,2603.1,2593.9,2270.6,3699.2,4128.1,4128.1,4128.1,4128.1,4128.1,4128.1,4128.1,4128.1
FAOSTAT_3,FIN,total_pesticides_use,1738,1372,1200,1247,1041,909,999,1164,1139,1147.48,1423.27,1620.36,1666.82,1489.12,1431.04,1645.3,1479.45,1621.86,1693.8,1746.71,1707.54,1545.25,1475.39,1616.7,1725.2,1566.3,1327.2
FAOSTAT_3,FJI,total_pesticides_use,698.98,135.18,160.65,186.13,211.6,237.07,262.54,288.02,313.49,338.96,364.43,389.9,415.38,440.85,466.32,491.79,517.26,542.74,709.7,689.97,710.1,805.54,769.07,769.07,769.07,769.07,769.07
FAOSTAT_3,FRA,total_pesticides_use,103434,85249,91953,89515,84011,97890,109793,107754,114696,97878,99694,82448,74531,76120.5,78290,71640.5,77255,78601,63692,61911,61039,63547.59,66497.29,74909.6,66531.02,71951.22,70588.7
FAOSTAT_3,GBR,total_pesticides_use,29022,31077,32387,33929,33743,35579,35490,35422,35537,33031.28,32893.1,30995.26,30754.4,31223.91,31415.27,22588.09,22331.7,21596.68,21324.22,16770.87,16401.66,17718.64,17673.46,18392.45,18302.28,19277.79,19843.94
FAOSTAT_3,GHA,total_pesticides_use,65.8,65.8,65.8,65.8,65.8,1575.5,502,297.78,114.13,81.63,82,89.74,108.67,127.6,165.84,771,119.86,350.83,378.97,378.97,378.97,378.97,378.97,378.97,378.97,378.97,378.97
FAOSTAT_3,GIN,total_pesticides_use,80,80,21,39,153,157,157,181.35,205.71,230.06,254.42,278.77,303.13,327.49,351.84,376.19,400.55,424.9,449.26,556.24,663.23,770.21,877.19,400.65,400.65,400.65,400.65
FAOSTAT_3,GMB,total_pesticides_use,34,34,20.03,2.02,8.04,8.31,74.73,141.16,207.58,274,237,250,345,559,813,2061,588,588,588,588,588,588,588,588,588,588,588
FAOSTAT_3,GNB,total_pesticides_use,38,4,25,21,17,13,9,5,1,41.5,82,82,82,82,82,82,82,82,82,82,82,82,82,82,82,82,82
FAOSTAT_3,GRC,total_pesticides_use,7420,7869,8826,6341,6663,7296,9223,10702,9635,10627,10725,12209.42,11836.84,12650.26,13488.68,7505.3,7345.7,5130.8,3404.4,5607.7,8189.8,8002.2,8081.72,9504.13,9018.87,9199.77,9384.4
FAOSTAT_3,GTM,total_pesticides_use,12004.33,12004.33,12004.33,12004.33,12004.33,12004.33,11419.53,10834.74,10249.94,9665.14,10025.35,10385.57,10745.78,11966.11,13512.61,15958.27,22890.57,18099.47,13284.9,14906.85,16540.71,19726.3,20489.4,20489.4,20489.4,20489.4,20489.4
FAOSTAT_3,GUY,total_pesticides_use,289.9,289.9,289.9,289.9,289.9,289.9,289.9,289.9,289.9,289.9,289.9,289.9,289.9,289.9,270.78,343.12,246.5,234.27,264.47,211.83,400.76,427.73,358.72,358.72,358.72,358.72,358.72
FAOSTAT_3,HND,total_pesticides_use,3368.28,5965.38,6768,2550.86,7800,6464,6980,3495,2387,4376,1156,1784.3,2412.61,3040.91,3669.21,4297.51,5283.93,5130.42,4344.36,5736.63,6324.41,7194.91,7194.91,7194.91,7194.91,7194.91,7194.91
FAOSTAT_3,HRV,total_pesticides_use,0,2304,2675.33,3046.67,3418,3148,3026.25,2904.5,2782.75,2661,2539.25,2417.5,2295.75,2174,2053,2150,2015,2388,2070,1540,1638.74,1737.48,1836.21,2109.17,2301.09,1853.37,1570.36
FAOSTAT_3,HTI,total_pesticides_use,18.86,11.52,6.96,8.58,12.32,14.44,16.35,23.78,26.32,27.85,27.85,27.85,27.85,27.85,27.85,27.85,27.85,27.85,27.85,27.85,27.85,27.85,27.85,27.85,27.85,27.85,27.85
FAOSTAT_3,HUN,total_pesticides_use,8069,5777,10197,9574,7715,6946,4445,5280,4598,4151,5458,8249.9,8742.3,9955.7,9689.6,11535,11188.4,12092.8,11151.2,10305.1,8473.26,8141.17,7744.5,9011,9490.15,9762.9,9759.3
FAOSTAT_3,IDN,total_pesticides_use,3259,867.5,1597,1597,1597,1597,1597,1597,1597,1597,1597,1597,1597,1597,1597,1597,1597,1597,1597,1597,1597,1597,1597,1597,1597,1597,1597
FAOSTAT_3,IND,total_pesticides_use,72133,70791,66388,61357,61257,56114,52279,49157,46195,44957.52,43720.04,42482.56,41245.08,35113,35342,37423,27422.77,14485.33,28707.01,40093.69,55540,52980,45620,60280,56120,50410,52750
FAOSTAT_3,IRL,total_pesticides_use,2014,2014,2014,2014,2152,1577,2201,2257,1930,1942.21,2333.67,2614.27,2719.41,2978.49,2624.89,2766.64,3083.02,2790.17,2268.1,2529.2,3664.3,2925.1,2950.8,3006.22,3124.2,2583.13,2860.92
FAOSTAT_3,IRN,total_pesticides_use,16349,11683,9572,10324,8746,5332,6307.96,7283.93,8259.89,9235.85,8809.76,9355.71,9854.61,9702.04,7508.01,7921.22,5557.99,2602.28,2308.01,2852.05,3396.1,5733.28,5173.01,4941.95,4710.9,4479.84,4479.84
FAOSTAT_3,IRQ,total_pesticides_use,692,692,692,692,816,616,848,755,508,548,837.47,878.68,853.65,828.62,873.01,824.14,1062.61,955.13,847.66,740.18,632.7,525.23,417.75,386.76,194.11,148.82,212.15
FAOSTAT_3,ISL,total_pesticides_use,3.21,3.21,3.21,3.21,3.21,3.21,3.21,3.21,3.21,4.18,4.74,4.02,4.01,6.01,5.01,5,5.34,5.73,4.37,2.73,3.43,3.14,2.41,3.88,4.08,3.67,2.54
FAOSTAT_3,ISR,total_pesticides_use,2491,2491,2491,2491,2491,2491,2491,2491,2975.02,3459.04,3943.05,4427.07,4911.09,5395.11,5879.13,6363.14,6847.16,7331.18,6650,6753,6124,6009,6005,6335,6367,6093,6093
FAOSTAT_3,ITA,total_pesticides_use,88916.6,88227.6,89282.2,81217.6,84153,74617.2,84799,84117,81583,79447,75978,94211,86058,83810,84647,74349,80454,79643,74172,71613,70690,61889,55633,59422,63322,60259,56641
FAOSTAT_3,JAM,total_pesticides_use,1217.44,1217.44,1217.44,1217.44,1258.99,1316.11,620.7,620.7,620.7,620.7,620.7,620.7,620.7,620.7,620.7,620.7,620.7,620.7,620.7,620.7,620.7,620.7,620.7,620.7,620.7,620.7,620.7
FAOSTAT_3,JOR,total_pesticides_use,926,1365,786,773.5,761,910,875,845,525,553,1419.71,1566.41,1319.66,736.06,1735.74,1141.93,1350.86,1265.7,1089.5,932.8,1111.9,708,1010,719,666,1022,1289.4
FAOSTAT_3,JPN,total_pesticides_use,79821.18,79821.18,79821.18,79821.18,79821.18,79821.18,79821.18,79821.18,79821.18,79821.18,78735.45,70262.54,67869.72,64688.88,63829.77,65248.26,61164.07,58750,60970.8,55576,51796.3,54716.4,52794.3,53543.7,54171.16,51006.45,52248.52
FAOSTAT_3,KAZ,total_pesticides_use,0,17182,17182,17182,13536,13047,8112,6416.14,4720.28,3024.42,3007.26,3361.84,3606.55,3802.92,3666.62,3926.27,5575.89,7044.9,8716.14,6283.85,10656.6,8674.58,8738.38,11158.77,10588.9,10671.6,13811.1
FAOSTAT_3,KEN,total_pesticides_use,3469,3469,3469,3469,4607,6344,5172,4114,3056,1998,1578,1578,1578,1578,1578,1578,1578,1578,1578,1578,1578,1578,1578,1578,1578,1578,1578
FAOSTAT_3,KGZ,total_pesticides_use,0,2418,2200.86,1983.72,1766.59,1549.45,1332.31,1115.17,898.04,680.9,609.6,733.2,1302.6,1321.3,1081.1,796,1026.2,662.8,266.8,350.1,312.9,365.1,341.1,402.6,516,532.8,560.4
FAOSTAT_3,KNA,total_pesticides_use,10.88,10.88,10.88,10.88,10.88,10.88,10.88,10.88,10.88,10.88,10.28,11.32,11.92,12.52,12.62,12.57,12.57,14.96,15.08,14.61,14.78,1.99,0.94,1.56,1.56,1.56,1.56
FAOSTAT_3,KOR,total_pesticides_use,27476,26718,25999,26184,25845,24620,24819,22103,25837,25684,28218,25844,24610,25323,24506,24076,24262,25368,22790,20431,19131,17438,18708,19788,19482,19798,20043
FAOSTAT_3,KWT,total_pesticides_use,14,14,14,14,14,18,20,32,32,32,32,32,32,32,32,32,32,32,32,32,32,32,32,32,32,32,32
FAOSTAT_3,LAO,total_pesticides_use,21,21,46,36.11,26.22,16.33,6.44,2.23,1.76,1.28,1.82,2.35,2.89,3.42,3.96,4.5,0.53,0.07,25.67,1.85,43.81,43.53,125.89,3,3,3,3
FAOSTAT_3,LBN,total_pesticides_use,1221,1221,1221,1221,1221,1221,1816,1816,1816,1816,1816,1816,1816,1816,1816,1816,1816,1816,1816,1816,1816,1816,1816,1816,1816,1816,1816
FAOSTAT_3,LBY,total_pesticides_use,2733.64,2733.64,2733.64,2733.64,2733.64,2733.64,2733.64,2733.64,2733.64,2733.64,2733.64,2733.64,2733.64,2733.64,2733.64,1654.17,947.62,974.53,1556.77,606.92,606.92,606.92,606.92,606.92,606.92,606.92,606.92
FAOSTAT_3,LCA,total_pesticides_use,97,97,97,97,97,97,97,49,196,196,196,196,196,196,196,196,196,196,196,196,196,196,196,196,196,196,196
FAOSTAT_3,LKA,total_pesticides_use,1409.15,2144.31,1753.2,1860.7,1735.5,1654.41,1622.4,1532.41,1766.91,1695.71,1705.05,1714.39,1723.73,1733.07,1742.41,1751.75,1439.8,1152.39,1170.36,1450.54,1290.31,1112.8,1235.31,933.34,2539.92,1924.19,1682.17
FAOSTAT_3,LSO,total_pesticides_use,0.3,0.3,0.3,0.3,0.3,0.3,0.3,0.3,0.3,0.3,0.3,0.3,0.3,0.3,0.53,5.25,35.27,37.44,77.7,80.07,175.27,271.84,62.32,62.32,62.32,62.32,62.32
FAOSTAT_3,LTU,total_pesticides_use,0,1380,936,713,737,979,928,812,695,688.06,726.09,792.62,847.22,1023.62,1048.52,1197.02,2722.82,2723.06,2748.8,1803.77,2062.34,2559.9,2515.69,2545.5,2737.7,3336.1,2993.4
FAOSTAT_3,LUX,total_pesticides_use,0,0,0,0,0,0,0,0,0,154.25,154.25,154.25,154.25,154.25,154.25,154.25,154.25,154.25,154.25,154.25,154.25,154.25,155.19,131.33,130.32,151.57,176.8
FAOSTAT_3,LVA,total_pesticides_use,0,1005,476,294,358,361,334,369,326.86,284.72,367.4,335.31,477.63,594.46,723.54,743.57,1113.49,1033,881.2,1027.5,1070.5,1396.96,1250,1417.3,1512,1724.67,1478.43
FAOSTAT_3,MAR,total_pesticides_use,9771.14,10178.29,10585.43,10992.57,11399.71,11806.86,12214,12621.14,13028.29,13435.43,13842.57,14249.71,14656.86,15064,14588,13697,13697,13697,13697,13697,13697,13697,13697,13697,13697,13697,13697
FAOSTAT_3,MDA,total_pesticides_use,0,2897,2501,2553.73,2606.45,2659.18,2711.91,2764.64,2817.36,2870.09,2877.1,2606.87,2715.73,2915.4,2394.93,2466.37,2556.03,2924.63,2308.27,2466.13,2453.95,2316.22,2409.25,2500.4,2739,2981.2,3461.8
FAOSTAT_3,MDG,total_pesticides_use,131,101.15,109.41,76.27,73.15,152.01,139.9,88.26,49.53,130.46,87.59,240.9,146.87,68.16,114.51,109.39,93.88,112.25,143.9,241.89,310.49,377.81,508,453.91,401.39,493.54,642.78
FAOSTAT_3,MDV,total_pesticides_use,44.33,44.33,44.33,44.33,44.33,44.33,44.33,44.33,44.33,44.33,44.33,44.33,44.33,44.33,44.33,44.33,44.33,44.33,44.33,44.33,44.33,66.17,236.16,376.24,906.65,376.87,362.67
FAOSTAT_3,MEX,total_pesticides_use,26624.98,26624.98,26624.98,26624.98,26624.98,26624.98,26624.98,26624.98,26624.98,26624.98,23371.7,11535.83,16285.16,18507.68,39171.9,38402.66,50894.34,50154.53,50327.9,52305.13,53219.63,49213.67,47551.15,43028.74,46925.34,47127.77,47127.77
FAOSTAT_3,MKD,total_pesticides_use,0,970,659,540,573,556,507,529,412.5,296,175,240,210,262,149,327,119,85,98,98,98,98,98,98,98,98,98
FAOSTAT_3,MLI,total_pesticides_use,141.05,91.45,86.04,80.63,75.22,69.81,64.4,59,53.59,48.18,42.77,37.36,31.95,26.54,21.13,17.34,12.31,19.05,8.44,8.09,6.83,3.75,3.75,3.75,3.75,3.75,3.75
FAOSTAT_3,MLT,total_pesticides_use,326.48,326.48,326.48,447.26,210.34,154,258.38,260.8,138.79,181.92,111.77,113.25,114.73,116.21,117.69,119.17,120.65,121.27,121.89,122.51,123.14,123.76,124.38,125,125,125,125
FAOSTAT_3,MMR,total_pesticides_use,114.02,151.2,160.36,190.03,264.76,137.24,145.54,282.88,420.21,557.55,694.89,949.06,858.94,1042.39,1462.73,3872.16,3329.67,1450.35,1114.68,3340.09,4653.25,3050.45,2898.2,5426.05,7690.63,12091.56,17273.56
FAOSTAT_3,MNE,total_pesticides_use,0,0,0,0,0,0,0,0,0,0,0,0,0,0,0,0.55,0.55,0.55,0.55,66,75,71,82,90,76,90,91
FAOSTAT_3,MOZ,total_pesticides_use,102.26,102.26,102.26,102.26,72.19,65.85,60.63,53.43,46.24,39.04,31.85,24.65,267.03,572.99,770.88,891.54,547.31,890.47,914.92,1187.1,766.93,766.93,766.93,766.93,766.93,766.93,766.93
FAOSTAT_3,MRT,total_pesticides_use,39.09,39.09,39.09,39.09,39.09,39.09,39.09,39.09,39.09,39.09,39.09,3.2,3.22,702.5,1.1,1.7,9.8,17.22,4.29,67.59,13.35,26.41,26.41,26.41,26.41,26.41,26.41
FAOSTAT_3,MUS,total_pesticides_use,773.24,657.49,541.73,425.97,485.35,445.06,527.1,560.34,532.78,593.67,673.23,695.15,783.47,739.82,769.65,821.82,703.78,799.91,818.87,841.32,812.18,734.91,782.21,768.42,832.09,841.84,770.53
FAOSTAT_3,MWI,total_pesticides_use,171.8,171.8,171.8,171.8,171.8,171.8,171.8,136.11,125.39,207.94,168.02,128.11,88.19,48.28,295.51,202.35,524.46,624.52,736.25,584.12,553.57,775.83,1500.27,2358.01,2358.01,2358.01,2358.01
FAOSTAT_3,MYS,total_pesticides_use,39406.48,39406.48,39406.48,39406.48,39406.48,39406.48,39406.48,39406.48,39406.48,39406.48,39406.48,39406.48,39406.48,39406.48,39406.48,39406.48,46868.35,54821.91,52464.19,60194.83,41562.16,49810.48,61445.6,49199.43,63307.63,67288.38,67288.38
FAOSTAT_3,NAM,total_pesticides_use,39,48,56,56,56,56,56,56,56,56,56,56,56,56,56,56,56,56,56,56,56,56,56,56,56,56,56
FAOSTAT_3,NER,total_pesticides_use,62,62,62,62,62,22,34,36,26,62,31,29.44,27.88,26.31,24.75,21.12,30.57,12.04,7.32,11.49,10.59,21.37,21.37,21.37,21.37,21.37,21.37
FAOSTAT_3,NIC,total_pesticides_use,575,575,977,799,876,2041.7,3207.4,4373.1,4097.16,3925.63,3603.5,5715.36,5613.57,4581.73,9391.92,6889.26,9850.26,10173.91,9387.95,12242.19,4932.05,4413.82,4413.82,4413.82,4413.82,4413.82,4413.82
FAOSTAT_3,NLD,total_pesticides_use,9338,9030,10505,8646.99,12601.97,8923.96,10568.95,11762.94,11152.92,11382.84,9424.73,9700.44,9550.04,10655.4,10703.85,10461.35,12073.15,10777.08,9857.2,9586.03,10953.91,11348.39,10720.17,9172.2,8045.8,8381.8,8494.74
FAOSTAT_3,NOR,total_pesticides_use,760,767.9,749,848,913.14,698.25,735.43,934.02,802.02,348.24,512.66,799.19,668.51,827.45,518.94,696.34,722.07,800.9,534.56,698.98,823.96,813.93,761.97,861.21,631.03,677.27,671.11
FAOSTAT_3,NPL,total_pesticides_use,60.11,60.11,60.11,60.11,60.11,70.43,80.75,91.07,101.39,111.72,122.04,132.36,142.68,153,127.99,128.73,344.06,353.43,209.52,332.01,342.92,410.32,454.53,549.17,573.97,573.97,573.97
FAOSTAT_3,NZL,total_pesticides_use,3490,3490,3489,3515,3904,3499,3249,3055.16,2535.3,3634.3,3333.2,4170,3891,4050,4058,4388,4939,5857,5086,5086,5086,5086,5086,5086,5086,5086,5086
FAOSTAT_3,OMN,total_pesticides_use,17.51,112.31,88.92,65.53,68.6,71.67,270.42,283.88,157.33,30.78,52.15,73.52,94.88,116.25,137.62,158.98,180.35,201.72,223.08,244.45,292.3,339.04,439.38,409.73,333.42,346.68,346.68
FAOSTAT_3,PAK,total_pesticides_use,5962,5518,4945,6183,7681,11967,16936,18406,20467,27894,11871,10881.83,9892.65,8903.48,7914.31,6925.13,5935.96,4946.79,3957.61,2968.44,1979.27,990.09,0.92,0.92,0.92,0.92,0.92
FAOSTAT_3,PAN,total_pesticides_use,3305.09,3305.09,3305.09,3305.09,3305.09,3305.09,3305.09,1648.08,1309.53,970.97,2786.15,2138.79,2445.72,2587.99,2674.77,2630.67,2237.75,2141.4,2045.04,1948.68,1852.32,1371.35,2477.29,2458.82,2440.36,2421.89,2403.43
FAOSTAT_3,PER,total_pesticides_use,1278.8,1278.8,1278.8,1278.8,1278.8,1543.45,1793.6,1855.76,1752.69,2200.44,2959.55,2851.02,2805.71,3084.91,3533.63,4193.59,2883.17,4937.67,4656.01,6170.44,6030.69,7288.63,7091.56,8161.65,8781.93,9899.3,8991.7
FAOSTAT_3,PNG,total_pesticides_use,121,121,172,176,105,105,105,105,105,105,105,105,105,105,105,105,105,105,105,105,105,105,105,105,105,105,105
FAOSTAT_3,POL,total_pesticides_use,5422,7363,8825,9330,7136,9824,9839.71,8981.43,8692.14,9017.86,8968.57,10415.29,7184,8726,16039,17101,18721,20611.02,18493.03,19449.02,21779.27,21885.99,22204.46,23556.67,24006.12,24462.5,25075.21
FAOSTAT_3,PRT,total_pesticides_use,9357,6117,8985,9580,11815,12457,12825.5,14389,15411,15470,15503,17574.52,17128.03,17015.55,16402.07,15726.58,16682.39,17080.26,13984.91,13774.18,14024.98,12444.24,10126.8,12892.3,10006.41,9778.5,9292.72
FAOSTAT_3,PRY,total_pesticides_use,3380,3380,5806.8,8233.6,10660.4,13087.2,15514,12196,5064.93,3507.87,10583.8,11753.73,12923.66,14093.58,15263.51,16433.44,17603.37,18773.3,19943.22,21113.15,22283.08,23453.01,24667.05,18070.43,18908.25,18566.67,19661.64
FAOSTAT_3,PSE,total_pesticides_use,1263.43,1263.43,1263.43,1263.43,1263.43,1263.43,1263.43,1263.43,1263.43,1263.43,1263.43,1263.43,1238.78,1237.54,1243.3,1290.78,1265.82,1348.14,1348.14,1348.14,1348.14,1348.14,1348.14,1348.14,1348.14,1348.14,1348.14
FAOSTAT_3,QAT,total_pesticides_use,3,3,3,3,4,6,21.5,37,52.5,68,68,68,68,68,68,68,68,68,68,68,68,68,68,68,68,68,68
FAOSTAT_3,ROU,total_pesticides_use,19898,15134,24252,21811,20113,17425,15349,13979,11280,9427.4,7871.1,7875.7,6928.1,6778.2,7565.7,6733.2,6314,7193.7,6548.7,7249.2,6582.9,6418.7,6947.9,6723.8,6608.04,6463.16,6859.31
FAOSTAT_3,RUS,total_pesticides_use,0,25961,25961,25961,25961,25961,25961,25961,25961,25961,25961,25961,25961,25961,25961,25961,25961,25961,25961,25961,25961,25961,25961,25961,25961,25961,25961
FAOSTAT_3,RWA,total_pesticides_use,107,97,127.4,157.8,188.2,218.6,249,157,152,147,72.09,106.52,140.95,159.9,223.37,289.26,398.74,322.47,1188.41,954.75,182.59,926.6,1841.5,2060.91,2484.21,2027.03,2027.03
FAOSTAT_3,SAU,total_pesticides_use,994,994,994,994,994,994,2516.19,2686.24,2856.29,3026.34,3196.4,3366.45,3536.5,3706.55,3876.61,4046.66,4216.71,4372.61,4528.51,4684.4,4840.3,4996.2,5412.5,5412.5,5412.5,5412.5,5412.5
FAOSTAT_3,SDN,total_pesticides_use,0,0,0,0,0,0,0,0,0,0,0,0,0,0,0,0,0,0,0,0,0,2469.47,2469.47,2469.47,2469.47,2469.47,2469.47
FAOSTAT_3,SEN,total_pesticides_use,384,384,357.55,547.3,435.31,411.33,437.23,450.71,470.87,491.03,282.02,328,373.99,419.97,465.95,511.93,557.92,603.9,649.88,695.86,741.85,787.83,722.53,609.79,609.79,609.79,609.79
FAOSTAT_3,SLV,total_pesticides_use,4096,3940.77,3785.54,3630.31,3475.08,3319.85,3164.62,3009.39,2854.16,2698.93,2543.7,2388.47,2233.24,2078.01,1922.78,2265.72,1940.78,3899.48,3333.88,3598.59,3231.13,2595.16,6005.08,5638.23,5638.23,5638.23,5638.23
FAOSTAT_3,SUR,total_pesticides_use,207,197.5,188,178.5,169,142,139,151.33,163.67,176,268.01,360.03,415.86,337.59,376.46,340.36,397.75,391.39,431.83,477.87,936.24,633.92,537.49,622.53,982.84,616.63,651.03
FAOSTAT_3,SVK,total_pesticides_use,0,0,3889.7,4158.5,6146.9,3981.4,3247.2,3582.5,2831.9,1457.49,1549.87,1642.21,1515.43,1573.03,1545.6,1586.97,1595.47,1498.24,1654.12,1880.75,1410.5,1563.78,1620.28,1721.83,1920.96,1520.12,1723.46
FAOSTAT_3,SVN,total_pesticides_use,0,1309,1112,944,987,953,1245,1091,1133,1468,1387,1181.64,1377.08,1572.6,1397.04,1292.68,1165.47,1226.92,1170.18,1140.22,1126.3,1019.01,918.96,1009.92,1046.84,1156.21,1087.3
FAOSTAT_3,SWE,total_pesticides_use,1841,1497,1466,1962,1225,1529,1534,1555,1602,1721,1789,2198,2549,1353,2132,2220,2157,2352,1935,1982,1781,1814,1620,1880,1836.2,1629.7,1524.3
FAOSTAT_3,SYC,total_pesticides_use,9.06,14.15,30.77,32.85,35.69,34.73,24.31,18.75,18.75,18.75,18.75,18.75,18.75,18.75,18.75,18.75,18.75,18.75,18.75,18.75,18.75,18.75,18.75,18.75,18.75,18.75,18.75
FAOSTAT_3,SYR,total_pesticides_use,858.62,858.62,858.62,858.62,858.62,858.62,858.62,1796.14,2043.3,1306.25,1422.24,1422.24,1422.24,1422.24,1422.24,1422.24,1422.24,1422.24,1422.24,1422.24,1422.24,1422.24,1422.24,1422.24,1422.24,1422.24,1422.24
FAOSTAT_3,TCD,total_pesticides_use,60,45,5,15,2,1,42,42,42,42,42,42,42,42,42,42,42,42,42,42,42,42,42,42,42,42,42
FAOSTAT_3,TGO,total_pesticides_use,213,192,206,203,198,197,228.07,259.13,290.2,321.27,352.34,383.4,414.47,584.76,203.09,268.78,262.45,229.94,172.19,242.01,145.74,341.43,371.9,812.89,1117.98,1292.85,1292.85
FAOSTAT_3,THA,total_pesticides_use,18849,18849,18849,20448,24062,21901,23960,19212,22761,20334,30629.67,40925.33,51221,88548,43831,41220,66858,65423,67933,68986,87191,69921,8190.5,21800,26295.67,30791.33,35287
FAOSTAT_3,TJK,total_pesticides_use,0,2280,2280,714,54,826,751.31,676.63,601.94,527.25,452.56,377.88,303.19,228.5,235.4,241.9,247.9,253.5,258.1,262.1,264.6,264.6,264.6,264.6,264.6,264.6,264.6
FAOSTAT_3,TKM,total_pesticides_use,0,7663,9712,9712,9712,9712,9712,9712,9712,9712,9712,9712,9712,9712,9712,9712,9712,9712,9712,9712,9712,9712,9712,9712,9712,9712,9712
FAOSTAT_3,TLS,total_pesticides_use,0.06,0.06,0.06,0.06,0.06,0.06,0.06,0.06,0.06,0.06,0.06,0.06,2.35,0.91,0.82,1.65,2.47,1.39,1.78,1.78,1.78,1.78,1.78,1.78,1.78,1.78,1.78
FAOSTAT_3,TON,total_pesticides_use,11.21,11.21,11.21,11.21,11.21,11.21,11.21,11.21,11.21,11.21,11.21,11.21,11.21,11.21,11.21,11.21,11.21,11.21,11.21,11.21,11.21,11.21,11.21,15.09,11.61,8.13,23.07
FAOSTAT_3,TTO,total_pesticides_use,386.21,384.63,313.46,298.71,283.95,269.2,254.44,239.69,224.94,210.18,195.43,180.68,165.92,151.17,136.41,121.66,106.91,92.15,77.4,2026.91,170.35,2101.23,856.9,1170.81,1170.81,1170.81,1170.81
FAOSTAT_3,TUN,total_pesticides_use,909,909,909,909,909,909,909,915.34,921.68,928.02,934.36,940.7,947.04,953.38,959.72,966.06,972.4,978.74,985.08,985.08,985.08,985.08,985.08,985.08,985.08,985.08,985.08
FAOSTAT_3,TUR,total_pesticides_use,24343,27110,28042,24219,27350.33,30326.67,34431,30162,33089,33471,25539,27928.49,33095.97,28859.46,40367.95,27464.43,48715.51,37640.2,37651.15,38554.69,39534.43,42610.59,39440,39722.72,39026,50054,54098
FAOSTAT_3,TZA,total_pesticides_use,20,20,20,715,557,7,49,1,1,1,1,1,1,1,1,1,1,1,1,1,1,1,1,1,1,1,1
FAOSTAT_3,UGA,total_pesticides_use,72,72,71,59,88,88,88,88,88,88,88,88,88,88,88,88,88,88,88,88,88,88,88,88,88,88,88
FAOSTAT_3,UKR,total_pesticides_use,0,66772,61843.46,56914.93,51986.39,47057.85,42129.32,37200.78,32272.25,27343.71,22415.17,17486.64,12558.1,15344.4,23021.7,28832.6,36476,54080.5,36444.7,62534.6,79491.7,90814.8,86781.8,78201,78201,78201,78201
FAOSTAT_3,URY,total_pesticides_use,1762.01,2072.03,1634.02,2272.08,2413.02,3444.01,3362.05,4239.03,3925.03,3650.08,4433.04,5184.5,7455.26,9017.73,9232.47,9143.45,14057.2,13335.22,13475.41,14981.18,17517.76,23506.4,19028.6,22962.2,14067.8,13365.8,13365.8
FAOSTAT_3,USA,total_pesticides_use,384646.39,400975.9,391903.86,425922.68,423201.53,433180.36,434540.76,424562.11,433633.96,430005.21,411407.94,416851.04,417758.24,425015.71,388275.15,392810.67,400068.15,379202.92,358337.7,374818.2,391298.7,407779.2,407779.2,407779.2,407779.2,407779.2,407779.2
FAOSTAT_3,VEN,total_pesticides_use,2409,3928,3928,3928,3928,3928,3928,3928,3928,3928,3928,3928,3928,3928,3928,3928,3928,3928,3928,3928,3928,3928,3928,3928,3928,3928,3928
FAOSTAT_3,VNM,total_pesticides_use,20912,20912,20912,20912,24896,32745,33019,20841,16695,16502,19154,19154,19154,19154,19154,19154,19154,19154,19154,19154,19154,19154,19154,19154,19154,19154,19154
FAOSTAT_3,VUT,total_pesticides_use,222,198,131,131,131,131,131,131,131,131,131,131,131,131,131,131,131,131,131,131,131,131,131,131,131,131,131
FAOSTAT_3,WSM,total_pesticides_use,48.07,36,23.53,48.27,44.18,23.66,29.78,12.05,10.02,6.77,12.43,18.08,23.74,29.4,35.06,40.71,46.37,52.03,57.69,63.34,69,74.66,80.32,85.97,91.63,97.29,102.95
FAOSTAT_3,YEM,total_pesticides_use,713.28,713.28,713.28,713.28,713.28,713.28,713.28,1182.1,1237.15,1289.15,1576.17,1863.19,748.13,614.12,786.64,741.65,193.69,79.57,92.36,133.85,109.59,109.59,109.59,109.59,109.59,109.59,109.59
FAOSTAT_3,ZAF,total_pesticides_use,16582,16582,16582,16582,18025,19508,21596,24304,26098.8,26857,26857,26857,26857,26857,26857,26857,26857,26857,26857,26857,26857,26857,26857,26857,26857,26857,26857
FAOSTAT_3,ZMB,total_pesticides_use,1080,1080,1080,1080,716,1670,1616.4,1562.8,1509.2,1455.6,1402,1348.4,1294.8,1241.2,1187.6,1134,1080.4,1026.8,973.2,919.6,866,812.4,758.8,705.2,651.6,598,544.4
FAOSTAT_3,ZWE,total_pesticides_use,6753,3303,1741,1689,2599,2538,2762,2883,2918.18,2953.36,2988.54,3023.72,3058.9,3094.08,3129.27,3164.45,3199.63,3234.81,3269.99,3305.17,3340.35,3375.53,2550.07,2185.07,2185.07,2185.07,2185.07
FAOSTAT_3,WORLD,total_pesticides_use,2262629.47,2322056.76,2385017.11,2541995.25,2689276.39,2794872.5,2918219.84,2975070.97,3088429.5,3063140.39,3030230.74,3065980.97,3161863.33,3343301.03,3415781.55,3460307.62,3746990.77,3792117.56,3706912.96,3961986.76,4052029.23,4093183.59,4045838.37,4105783.12,4061364.5,4088247.57,4113591.25