	Source	area	short names	1991	1992	1993	1994	1995	1996	1997	1998	1999	2000	2001	2002	2003	2004	2005	2006	2007	2008	2009	2010	2011	2012	2013	2014	2015	2016	2017
0	FAOSTAT_3	AFG	total_fertilizers	0.0	0.0	0.0	0.0	0.0	0.0	0.0	0.0	0.0	0.0	0.0	24526.53	27035.26	33169.37	29774.39	24869.52	16377.29	14432.03	14712.11	13854.86	29816.2	18523.47	38011.93	79000.86	31232.39	105733.85	157464.02
1	FAOSTAT_3	AGO	total_fertilizers	0.0	0.0	0.0	0.0	0.0	0.0	0.0	0.0	0.0	0.0	0.0	5143.0	5903.0	14855.0	7460.0	12078.0	11237.0	28080.0	21889.0	34563.0	56324.0	41717.43	45393.39	45371.0	39436.84	35482.22	52305.94
2	FAOSTAT_3	ALB	total_fertilizers	0.0	0.0	0.0	0.0	0.0	0.0	0.0	0.0	0.0	0.0	0.0	56404.0	57406.71	58555.64	60457.92	50108.64	51106.74	47158.94	55040.42	53224.98	60604.12	57614.41	54410.38	54410.3	66327.0	78243.7	61082.86
3	FAOSTAT_3	ARE	total_fertilizers	0.0	0.0	0.0	0.0	0.0	0.0	0.0	0.0	0.0	0.0	0.0	48360.0	48360.0	48360.0	45360.0	42220.0	41950.0	41210.0	31090.0	37310.0	40590.0	31470.0	38770.0	27682.89	31528.29	31528.29	31528.29
4	FAOSTAT_3	ARG	total_fertilizers	0.0	0.0	0.0	0.0	0.0	0.0	0.0	0.0	0.0	0.0	0.0	842378.0	1200310.0	1394388.0	1197545.0	1443348.0	1794570.0	1241715.0	788194.0	1488126.0	1617843.0	1372564.0	1428027.0	1379654.32	1068812.46	1621355.75	1659666.22
5	FAOSTAT_3	ARM	total_fertilizers	0.0	0.0	0.0	0.0	0.0	0.0	0.0	0.0	0.0	0.0	0.0	15708.0	10464.0	14401.0	10325.0	57900.5	26820.0	24390.3	39547.4	29625.6	36366.3	58026.6	59192.6	53113.1	65039.5	147530.9	90339.3
6	FAOSTAT_3	ATG	total_fertilizers	0.0	0.0	0.0	0.0	0.0	0.0	0.0	0.0	0.0	0.0	0.0	52.0	109.0	30.0	24.0	18.0	2.0	14.0	53.0	12.0	13.0	39.39	50.12	31.8	21.9	72.85	21.04
7	FAOSTAT_3	AUS	total_fertilizers	0.0	0.0	0.0	0.0	0.0	0.0	0.0	0.0	0.0	0.0	0.0	2273800.0	2173700.0	2432000.0	2215900.0	2073700.0	2066400.0	1873700.0	1653600.0	1971600.0	2158800.0	2196395.0	2273975.0	2251741.86	2381039.8	2187211.25	2116041.41
8	FAOSTAT_3	AUT	total_fertilizers	0.0	0.0	0.0	0.0	0.0	0.0	0.0	0.0	0.0	0.0	0.0	324123.0	410060.0	181161.0	187383.0	179999.0	151727.0	150652.0	113983.0	147955.0	140568.0	170000.0	183603.0	195396.0	194793.0	187853.0	179242.0
9	FAOSTAT_3	AZE	total_fertilizers	0.0	0.0	0.0	0.0	0.0	0.0	0.0	0.0	0.0	0.0	0.0	19170.0	14050.0	22042.0	24626.0	24561.0	19722.0	38948.0	25133.0	18756.0	29369.0	36184.31	38433.71	61170.3	13284.9	28171.6	13794.36
10	FAOSTAT_3	BDI	total_fertilizers	0.0	0.0	0.0	0.0	0.0	0.0	0.0	0.0	0.0	0.0	0.0	1325.0	301.0	1095.0	3390.0	3009.0	1716.0	1954.0	1768.0	3446.0	5635.0	6375.16	11161.75	12978.17	10003.5	17299.57	21301.95
11	FAOSTAT_3	BEL	total_fertilizers	0.0	0.0	0.0	0.0	0.0	0.0	0.0	0.0	0.0	0.0	0.0	271417.0	283417.0	283316.0	280211.0	274382.0	281139.0	189468.0	236892.0	271005.0	262190.0	263827.0	262231.0	248393.0	253394.0	250416.0	249412.85
12	FAOSTAT_3	BEN	total_fertilizers	0.0	0.0	0.0	0.0	0.0	0.0	0.0	0.0	0.0	0.0	0.0	41735.0	2126.0	145.0	1226.0	33.0	614.0	801.0	16360.0	22835.0	11100.0	26755.09	13506.15	21833.68	359.73	27858.11	45.91
13	FAOSTAT_3	BFA	total_fertilizers	0.0	0.0	0.0	0.0	0.0	0.0	0.0	0.0	0.0	0.0	0.0	2010.0	52996.0	57687.0	74694.0	63000.0	49495.0	57207.0	53876.0	56571.0	61004.0	81401.83	95856.94	95284.54	97732.17	130641.1	109044.72
14	FAOSTAT_3	BGD	total_fertilizers	0.0	0.0	0.0	0.0	0.0	0.0	0.0	0.0	0.0	0.0	0.0	1556839.0	1318676.0	1389777.0	1564390.0	1522338.0	1441357.0	1561100.0	1472297.0	1659202.0	1963760.0	1997600.0	1954820.0	2141340.0	2311680.0	2246980.0	2356000.0
15	FAOSTAT_3	BGR	total_fertilizers	0.0	0.0	0.0	0.0	0.0	0.0	0.0	0.0	0.0	0.0	0.0	381693.0	489569.0	267862.0	235538.0	231580.0	314699.0	343518.0	329073.0	309212.0	432518.0	318000.0	379692.0	379288.0	428191.0	432863.0	441254.0
16	FAOSTAT_3	BHR	total_fertilizers	0.0	0.0	0.0	0.0	0.0	0.0	0.0	0.0	0.0	0.0	0.0	1030.67	2493.1	3459.48	3135.29	2872.84	1614.96	2632.03	1493.98	2859.43	4961.17	4802.31	4499.08	4872.96	2540.53	734.21	338.77
17	FAOSTAT_3	BHS	total_fertilizers	0.0	0.0	0.0	0.0	0.0	0.0	0.0	0.0	0.0	0.0	0.0	0.0	0.0	0.0	0.0	0.0	0.0	0.0	0.0	0.0	0.0	1240.78	1076.42	1220.73	1519.04	1519.04	1519.04
18	FAOSTAT_3	BIH	total_fertilizers	0.0	0.0	0.0	0.0	0.0	0.0	0.0	0.0	0.0	0.0	0.0	32600.0	17957.0	60079.0	25253.0	15902.0	21769.0	11966.0	72494.0	81856.0	103895.0	121106.21	102550.04	120754.61	131750.19	110711.0	112867.47
19	FAOSTAT_3	BLR	total_fertilizers	0.0	0.0	0.0	0.0	0.0	0.0	0.0	0.0	0.0	0.0	0.0	763700.0	755300.0	815100.0	929400.0	1285100.0	1205100.0	1309600.0	1558500.0	1497000.0	1680200.0	1498594.0	1425190.0	1218623.0	1102475.0	833351.0	815790.0
20	FAOSTAT_3	BLZ	total_fertilizers	0.0	0.0	0.0	0.0	0.0	0.0	0.0	0.0	0.0	0.0	0.0	25741.0	26766.0	5506.0	5670.0	6248.0	4261.0	3483.0	8865.0	4351.0	17603.0	10925.5	30350.6	29188.98	33670.49	36367.41	30009.11
21	FAOSTAT_3	BOL	total_fertilizers	0.0	0.0	0.0	0.0	0.0	0.0	0.0	0.0	0.0	0.0	0.0	13341.0	12916.0	18125.0	24636.0	15478.0	24556.0	20088.0	22962.0	31177.0	34778.0	35166.21	43796.73	40473.99	40572.19	34166.25	32411.46
22	FAOSTAT_3	BRA	total_fertilizers	0.0	0.0	0.0	0.0	0.0	0.0	0.0	0.0	0.0	0.0	0.0	7685196.21	8905665.74	10975249.62	8425089.3	9028448.81	11549175.6	10768013.79	7540435.57	10424767.72	13081009.13	12116475.02	14147326.89	15363337.57	12809826.43	14523279.55	16582859.11
23	FAOSTAT_3	BRB	total_fertilizers	0.0	0.0	0.0	0.0	0.0	0.0	0.0	0.0	0.0	0.0	0.0	642.0	1116.0	2785.0	1418.0	1807.0	1737.0	1757.0	1001.0	1621.0	1059.0	1995.22	1268.9	720.1	986.22	796.63	1034.98
24	FAOSTAT_3	BRN	total_fertilizers	0.0	0.0	0.0	0.0	0.0	0.0	0.0	0.0	0.0	0.0	0.0	672.0	204.0	303.0	617.0	132.0	1131.0	338.0	412.0	1727.0	470.0	454.0	223.0	709.0	709.0	709.0	709.0
25	FAOSTAT_3	BTN	total_fertilizers	0.0	0.0	0.0	0.0	0.0	0.0	0.0	0.0	0.0	0.0	0.0	1083.0	1098.0	1169.0	1262.0	1153.0	1228.0	1166.0	2396.0	1010.0	1308.0	1070.94	1217.94	1422.91	1479.01	1325.33	1325.33
26	FAOSTAT_3	BWA	total_fertilizers	0.0	0.0	0.0	0.0	0.0	0.0	0.0	0.0	0.0	0.0	0.0	0.0	0.0	0.0	0.0	0.0	0.0	0.0	15359.0	21530.0	9616.0	15628.0	22545.0	23253.0	23253.0	23253.0	23253.0
27	FAOSTAT_3	CAF	total_fertilizers	0.0	0.0	0.0	0.0	0.0	0.0	0.0	0.0	0.0	0.0	0.0	78.77	0.32	129.92	245.08	428.03	604.1	399.28	406.06	539.67	800.51	507.31	259.06	10.79	613.75	404.37	336.18
28	FAOSTAT_3	CAN	total_fertilizers	0.0	0.0	0.0	0.0	0.0	0.0	0.0	0.0	0.0	0.0	0.0	2635197.0	2685508.0	2481366.0	2798402.0	2120036.0	3065439.0	2830666.0	2726361.0	3002013.0	3612675.0	4060568.52	3646000.0	3885000.0	3995000.0	3825000.0	3921000.0
29	FAOSTAT_3	CHE	total_fertilizers	0.0	0.0	0.0	0.0	0.0	0.0	0.0	0.0	0.0	0.0	0.0	80111.0	82751.0	87982.0	92599.0	93062.0	93476.0	92341.0	77477.0	88336.0	84397.0	67691.44	81970.42	83244.15	83238.87	84567.26	79592.17
30	FAOSTAT_3	CHL	total_fertilizers	0.0	0.0	0.0	0.0	0.0	0.0	0.0	0.0	0.0	0.0	0.0	507826.0	495214.0	737029.0	630404.0	642349.0	674035.0	901659.0	802266.0	474399.0	648703.0	435454.0	454985.0	461829.0	545924.0	373124.17	373124.17
31	FAOSTAT_3	CHN	total_fertilizers	0.0	0.0	0.0	0.0	0.0	0.0	0.0	0.0	0.0	0.0	0.0	40515879.47	39972847.3	42893679.94	45705579.72	45814207.86	47057044.48	45576648.37	47015712.03	51511621.9	53182047.83	54078095.65	53779194.72	55618943.32	54558935.73	53724192.41	52995366.31
32	FAOSTAT_3	CIV	total_fertilizers	0.0	0.0	0.0	0.0	0.0	0.0	0.0	0.0	0.0	0.0	0.0	86853.0	82167.0	76213.0	49785.0	63763.0	69571.0	52814.0	44392.0	93049.0	56268.0	78063.35	108983.98	122922.26	146840.57	154413.98	137420.08
33	FAOSTAT_3	CMR	total_fertilizers	0.0	0.0	0.0	0.0	0.0	0.0	0.0	0.0	0.0	0.0	0.0	58221.0	48605.0	65934.0	47698.0	53859.0	51418.0	39102.0	41758.0	57282.0	68423.0	64081.55	62361.7	59650.42	84508.78	67602.46	80775.96
34	FAOSTAT_3	COD	total_fertilizers	0.0	0.0	0.0	0.0	0.0	0.0	0.0	0.0	0.0	0.0	0.0	0.0	0.0	1299.0	32.0	26.0	176.0	366.0	2289.0	276.0	697.0	1191.43	1610.12	1037.21	1114.8	1192.39	1269.98
35	FAOSTAT_3	COK	total_fertilizers	0.0	0.0	0.0	0.0	0.0	0.0	0.0	0.0	0.0	0.0	0.0	33.0	47.0	26.0	54.0	65.0	9.0	52.0	54.0	19.0	19.0	26.61	23.35	12.17	68.32	48.38	21.09
36	FAOSTAT_3	COL	total_fertilizers	0.0	0.0	0.0	0.0	0.0	0.0	0.0	0.0	0.0	0.0	0.0	683204.0	735369.0	718315.0	901840.0	1088002.0	1087494.0	890719.0	882651.0	1031693.0	1182041.0	1271538.4	941600.52	1061968.62	1132900.0	1115301.23	1317024.86
37	FAOSTAT_3	CRI	total_fertilizers	0.0	0.0	0.0	0.0	0.0	0.0	0.0	0.0	0.0	0.0	0.0	125838.31	193130.4	157722.77	143542.48	177548.43	171608.71	183141.98	84252.81	116846.49	163810.44	147396.02	136843.35	131434.41	158493.92	149709.24	160067.88
38	FAOSTAT_3	CUB	total_fertilizers	0.0	0.0	0.0	0.0	0.0	0.0	0.0	0.0	0.0	0.0	0.0	144722.0	61918.0	68673.0	82180.0	116722.0	127553.0	152898.0	60661.0	101159.0	139562.0	147160.87	156232.85	206607.6	173340.11	128572.56	129153.5
39	FAOSTAT_3	CYP	total_fertilizers	0.0	0.0	0.0	0.0	0.0	0.0	0.0	0.0	0.0	0.0	0.0	15965.0	17722.0	14849.0	13404.0	12538.0	12060.0	9230.0	15768.0	16749.0	12701.0	16862.0	14660.0	12685.0	15544.0	16650.0	16628.0
40	FAOSTAT_3	CZE	total_fertilizers	0.0	0.0	0.0	0.0	0.0	0.0	0.0	0.0	0.0	0.0	0.0	263742.0	295144.0	279818.0	287382.0	301864.0	320042.0	278198.0	281484.0	303927.0	318224.0	403039.0	403869.0	404854.0	478861.0	489191.0	455322.0
41	FAOSTAT_3	DEU	total_fertilizers	0.0	0.0	0.0	0.0	0.0	0.0	0.0	0.0	0.0	0.0	0.0	2594893.0	2598369.0	2559567.0	2485044.0	2306976.0	2635171.0	1904141.0	2166995.0	2506576.0	2273908.0	2354038.0	2416417.0	2583830.0	2396137.0	2319996.0	2096816.0
42	FAOSTAT_3	DMA	total_fertilizers	0.0	0.0	0.0	0.0	0.0	0.0	0.0	0.0	0.0	0.0	0.0	433.0	741.0	993.0	1039.0	671.0	1380.0	223.0	349.0	313.0	901.0	508.95	735.68	482.45	912.96	532.13	248.29
43	FAOSTAT_3	DNK	total_fertilizers	0.0	0.0	0.0	0.0	0.0	0.0	0.0	0.0	0.0	0.0	0.0	222043.0	309083.0	328516.0	319757.0	325250.0	328402.0	354718.0	250194.0	275297.0	282009.0	259000.0	280781.0	300512.0	321895.0	326253.0	314897.0
44	FAOSTAT_3	DOM	total_fertilizers	0.0	0.0	0.0	0.0	0.0	0.0	0.0	0.0	0.0	0.0	0.0	65907.0	42839.0	48522.0	47757.0	65983.0	77701.0	64319.0	64448.0	85605.0	75325.0	59571.0	63826.0	75786.62	92077.16	73122.12	112830.95
45	FAOSTAT_3	DZA	total_fertilizers	0.0	0.0	0.0	0.0	0.0	0.0	0.0	0.0	0.0	0.0	0.0	72765.0	45031.0	188038.0	55806.0	99072.0	111748.0	64231.0	107000.0	118500.0	118300.0	160100.0	168300.0	190500.0	175600.0	155700.0	155700.0
46	FAOSTAT_3	ECU	total_fertilizers	0.0	0.0	0.0	0.0	0.0	0.0	0.0	0.0	0.0	0.0	0.0	227966.0	203712.0	277785.0	195475.0	256205.0	237932.0	264652.0	224622.0	299057.0	318228.0	292420.11	281988.16	333695.96	277012.83	307664.14	348830.47
47	FAOSTAT_3	EGY	total_fertilizers	0.0	0.0	0.0	0.0	0.0	0.0	0.0	0.0	0.0	0.0	0.0	1269916.0	1824243.0	1653266.0	1724600.0	1281981.0	1337863.0	1840399.0	1450148.0	1732380.0	1692850.0	1621214.24	1765585.0	1805795.0	1776135.5	1742832.5	1720637.5
48	FAOSTAT_3	ERI	total_fertilizers	0.0	0.0	0.0	0.0	0.0	0.0	0.0	0.0	0.0	0.0	0.0	3505.0	972.0	3.0	1436.0	11.0	2338.0	0.0	1920.0	288.0	567.0	678.69	820.37	1006.1	1603.15	1923.24	1774.36
49	FAOSTAT_3	ESP	total_fertilizers	0.0	0.0	0.0	0.0	0.0	0.0	0.0	0.0	0.0	0.0	0.0	2122908.0	2281502.0	2154369.0	1835448.0	1810431.0	1985092.0	1330529.0	1211296.0	1637100.0	1524000.0	1540841.0	1749149.0	1858350.0	1860169.0	1776136.0	1905402.0
50	FAOSTAT_3	EST	total_fertilizers	0.0	0.0	0.0	0.0	0.0	0.0	0.0	0.0	0.0	0.0	0.0	27007.0	39049.0	43782.0	36071.0	42298.0	45470.0	59997.0	41398.0	44111.0	45228.0	50304.0	52543.0	55813.0	55804.0	55188.0	59708.0
51	FAOSTAT_3	ETH	total_fertilizers	0.0	0.0	0.0	0.0	0.0	0.0	0.0	0.0	0.0	0.0	0.0	167624.0	62315.0	127464.0	139803.0	149111.0	225168.0	234026.0	246354.0	318203.0	316308.0	469378.11	282487.41	395507.3	174984.86	218223.29	320034.76
52	FAOSTAT_3	FIN	total_fertilizers	0.0	0.0	0.0	0.0	0.0	0.0	0.0	0.0	0.0	0.0	0.0	304000.0	284868.0	299327.0	314390.0	267677.0	276382.0	277660.0	210182.0	281135.0	193962.0	193962.0	194280.61	206893.56	200022.94	193521.79	200745.36
53	FAOSTAT_3	FJI	total_fertilizers	0.0	0.0	0.0	0.0	0.0	0.0	0.0	0.0	0.0	0.0	0.0	12152.0	3273.0	7699.0	6660.0	4271.0	4046.0	6950.0	3655.0	2698.0	5855.0	4773.16	5598.38	5842.38	8801.38	7595.47	8616.66
54	FAOSTAT_3	FRA	total_fertilizers	0.0	0.0	0.0	0.0	0.0	0.0	0.0	0.0	0.0	0.0	0.0	3881600.0	4099800.0	3896000.0	3537000.0	3491426.0	3828000.0	2785000.0	2201030.0	2754950.0	2582160.0	2939447.0	3101304.0	3087784.0	3148788.0	2994568.0	3147321.0
55	FAOSTAT_3	GAB	total_fertilizers	0.0	0.0	0.0	0.0	0.0	0.0	0.0	0.0	0.0	0.0	0.0	1813.0	1174.0	1660.0	2712.0	2749.0	2944.0	3418.0	3907.0	1027.0	1836.0	3278.66	3295.9	4250.66	9937.79	10344.3	19701.85
56	FAOSTAT_3	GBR	total_fertilizers	0.0	0.0	0.0	0.0	0.0	0.0	0.0	0.0	0.0	0.0	0.0	1788000.0	1778000.0	1672000.0	1563000.0	1549000.0	1541000.0	1285000.0	1451000.0	1497000.0	1447000.0	1460000.0	1545000.0	1516950.0	1492940.0	1523940.0	1483000.0
57	FAOSTAT_3	GEO	total_fertilizers	0.0	0.0	0.0	0.0	0.0	0.0	0.0	0.0	0.0	0.0	0.0	26400.0	11524.0	14223.0	25045.0	21958.0	19140.0	17227.0	19461.0	13966.0	46059.0	53371.48	72520.16	58176.19	56242.91	58766.25	46609.95
58	FAOSTAT_3	GHA	total_fertilizers	0.0	0.0	0.0	0.0	0.0	0.0	0.0	0.0	0.0	0.0	0.0	15660.0	28621.0	52802.0	23995.0	84251.0	76368.0	65473.0	87306.0	86395.0	62448.0	163361.0	118718.0	73800.0	110475.42	98120.0	98120.0
59	FAOSTAT_3	GIN	total_fertilizers	0.0	0.0	0.0	0.0	0.0	0.0	0.0	0.0	0.0	0.0	0.0	2400.0	1965.0	2627.0	2521.0	2430.0	3398.0	3698.0	1807.0	2705.0	10391.0	8795.5	8891.01	3171.57	2829.76	8554.7	48392.87
60	FAOSTAT_3	GMB	total_fertilizers	0.0	0.0	0.0	0.0	0.0	0.0	0.0	0.0	0.0	0.0	0.0	0.0	2821.0	2508.0	3171.0	3172.0	2720.0	1585.0	2715.0	3285.0	4624.0	1162.04	181.78	204.82	245.12	299.69	172.21
61	FAOSTAT_3	GRC	total_fertilizers	0.0	0.0	0.0	0.0	0.0	0.0	0.0	0.0	0.0	0.0	0.0	424876.0	439589.0	463802.0	377485.0	322042.0	248751.0	304286.0	160706.0	314447.0	407574.0	278000.0	294253.0	273691.0	256770.0	268902.0	278751.0
62	FAOSTAT_3	GTM	total_fertilizers	0.0	0.0	0.0	0.0	0.0	0.0	0.0	0.0	0.0	0.0	0.0	142201.0	177660.0	199914.0	198367.0	204882.0	195067.0	121907.0	160175.0	226238.0	252543.0	285068.0	285460.46	278237.34	294870.37	261318.04	310172.28
63	FAOSTAT_3	GUY	total_fertilizers	0.0	0.0	0.0	0.0	0.0	0.0	0.0	0.0	0.0	0.0	0.0	14900.0	10375.0	20175.0	9281.0	13684.0	13715.0	23855.0	8507.0	16514.0	11694.0	18288.2	25857.48	22322.71	23568.34	18733.7	2440.23
64	FAOSTAT_3	HND	total_fertilizers	0.0	0.0	0.0	0.0	0.0	0.0	0.0	0.0	0.0	0.0	0.0	34130.0	58630.0	141715.0	168894.0	198277.0	186895.0	109670.0	63565.0	66019.0	106152.0	109875.99	179915.73	142572.42	134301.28	167412.71	187902.51
65	FAOSTAT_3	HRV	total_fertilizers	0.0	0.0	0.0	0.0	0.0	0.0	0.0	0.0	0.0	0.0	0.0	220496.0	252981.0	264759.0	257106.0	335474.0	349374.0	426243.0	142991.0	268887.0	278884.0	173474.0	140934.0	156197.0	153373.0	104038.0	174469.0
66	FAOSTAT_3	HUN	total_fertilizers	0.0	0.0	0.0	0.0	0.0	0.0	0.0	0.0	0.0	0.0	0.0	437000.0	439000.0	453000.0	392000.0	456000.0	507000.0	443373.0	355256.0	370396.0	410002.0	438009.0	490119.0	487125.0	519995.0	554564.0	610276.0
67	FAOSTAT_3	IDN	total_fertilizers	0.0	0.0	0.0	0.0	0.0	0.0	0.0	0.0	0.0	0.0	0.0	2489222.0	2938147.0	3236411.0	3303912.0	3397346.0	3992059.0	4188796.0	4286696.0	4283793.0	4662837.0	5203810.2	5159718.3	5460675.2	5443037.13	5444238.66	5824967.75
68	FAOSTAT_3	IND	total_fertilizers	0.0	0.0	0.0	0.0	0.0	0.0	0.0	0.0	0.0	0.0	0.0	16095991.0	16807212.0	18406670.0	20347381.0	21642119.0	22571108.0	24228437.0	26445526.0	28110244.0	28373686.0	25536100.0	24482500.0	25581400.0	26752600.0	25949900.0	26593400.0
69	FAOSTAT_3	IRL	total_fertilizers	0.0	0.0	0.0	0.0	0.0	0.0	0.0	0.0	0.0	0.0	0.0	702690.0	630920.0	562050.0	542316.0	497954.0	453173.0	416298.0	519860.0	467528.0	457170.0	549587.0	526343.0	556362.97	577055.28	556580.47	621892.5
70	FAOSTAT_3	IRN	total_fertilizers	0.0	0.0	0.0	0.0	0.0	0.0	0.0	0.0	0.0	0.0	0.0	1408887.35	1513354.04	1611800.62	1711115.31	2117363.11	1648513.6	1680402.53	1407057.95	1388930.03	734923.24	786635.66	834352.74	1075279.67	697295.7	698154.45	698154.45
71	FAOSTAT_3	IRQ	total_fertilizers	0.0	0.0	0.0	0.0	0.0	0.0	0.0	0.0	0.0	0.0	0.0	0.0	0.0	109632.0	216387.0	222020.0	185960.0	227760.0	218217.0	137160.0	168120.0	213403.18	231038.74	97910.34	77346.05	143905.87	251613.61
72	FAOSTAT_3	ISL	total_fertilizers	0.0	0.0	0.0	0.0	0.0	0.0	0.0	0.0	0.0	0.0	0.0	18802.0	15852.0	17792.0	17229.0	21649.0	24271.0	24985.0	15357.0	18290.0	19450.0	21390.0	20459.0	24450.0	17878.0	21965.0	17909.0
73	FAOSTAT_3	ISR	total_fertilizers	0.0	0.0	0.0	0.0	0.0	0.0	0.0	0.0	0.0	0.0	0.0	87900.0	94500.0	99800.0	91000.0	92400.0	105500.0	84100.0	61000.0	60600.0	74400.0	82200.0	84600.0	79400.0	72400.0	82800.0	92300.0
74	FAOSTAT_3	ITA	total_fertilizers	0.0	0.0	0.0	0.0	0.0	0.0	0.0	0.0	0.0	0.0	0.0	1418087.0	1414334.0	1447535.0	1336239.0	1305785.0	1364139.0	1075785.0	838499.0	864377.0	902647.0	872000.0	882755.0	851523.0	885372.0	880660.0	877960.0
75	FAOSTAT_3	JAM	total_fertilizers	0.0	0.0	0.0	0.0	0.0	0.0	0.0	0.0	0.0	0.0	0.0	12781.0	15146.0	16485.0	14828.0	8130.0	4527.0	4517.0	6983.0	7515.0	8541.0	10485.0	9977.51	13834.29	4569.81	6869.56	7954.3
76	FAOSTAT_3	JOR	total_fertilizers	0.0	0.0	0.0	0.0	0.0	0.0	0.0	0.0	0.0	0.0	0.0	310139.0	162157.0	99595.0	145043.0	131760.0	141392.0	50448.0	79288.0	33339.0	215565.0	289012.16	30261.0	21985.0	40322.0	26653.0	24883.0
77	FAOSTAT_3	JPN	total_fertilizers	0.0	0.0	0.0	0.0	0.0	0.0	0.0	0.0	0.0	0.0	0.0	1473933.0	1473746.0	1548781.0	1517146.0	1445470.0	1516154.0	1198609.0	1025957.0	1112611.0	1122533.0	1049400.0	1036800.0	1099100.0	1014300.0	1030000.0	1030000.0
78	FAOSTAT_3	KAZ	total_fertilizers	0.0	0.0	0.0	0.0	0.0	0.0	0.0	0.0	0.0	0.0	0.0	23700.0	33740.0	42100.0	40800.0	41400.0	58900.0	30900.0	56400.0	58688.0	87412.0	129657.0	84909.0	116487.0	127150.0	127150.0	127150.0
79	FAOSTAT_3	KEN	total_fertilizers	0.0	0.0	0.0	0.0	0.0	0.0	0.0	0.0	0.0	0.0	0.0	139051.0	170316.0	145546.0	180695.0	176052.0	192895.0	176424.0	175214.0	166909.0	252776.0	202916.98	224843.96	248503.27	165583.61	168369.59	131271.22
80	FAOSTAT_3	KGZ	total_fertilizers	0.0	0.0	0.0	0.0	0.0	0.0	0.0	0.0	0.0	0.0	0.0	9483.0	33211.0	28924.0	31623.0	28494.0	28742.0	24277.0	28159.0	28918.0	24457.0	31042.0	35075.0	40980.0	34190.0	40457.0	25596.9
81	FAOSTAT_3	KHM	total_fertilizers	0.0	0.0	0.0	0.0	0.0	0.0	0.0	0.0	0.0	0.0	0.0	21555.0	14274.0	19854.0	29989.0	29610.0	33264.0	28273.0	37354.0	46048.0	61880.0	91536.34	71012.14	105545.86	117124.83	84750.94	84750.94
82	FAOSTAT_3	KNA	total_fertilizers	0.0	0.0	0.0	0.0	0.0	0.0	0.0	0.0	0.0	0.0	0.0	55.0	55.0	55.0	55.0	90.0	50.0	82.0	51.0	51.0	52.0	52.0	0.03	115.24	26.38	37.55	26.17
83	FAOSTAT_3	KOR	total_fertilizers	0.0	0.0	0.0	0.0	0.0	0.0	0.0	0.0	0.0	0.0	0.0	788064.8	803259.07	868523.64	1057568.07	768536.55	816498.14	694457.73	520105.65	511541.81	506021.47	740653.84	545679.8	540358.46	523654.33	531684.4	494117.09
84	FAOSTAT_3	KWT	total_fertilizers	0.0	0.0	0.0	0.0	0.0	0.0	0.0	0.0	0.0	0.0	0.0	0.0	0.0	0.0	374440.0	7588.41	15833.95	33659.71	21955.41	1283.96	4084.52	3186.08	2735.87	4082.93	104755.73	6005.79	7269.5
85	FAOSTAT_3	LBN	total_fertilizers	0.0	0.0	0.0	0.0	0.0	0.0	0.0	0.0	0.0	0.0	0.0	34242.03	31871.56	34697.01	21985.32	15438.04	23217.73	20099.33	20564.6	25513.04	42548.58	31741.26	27595.03	29128.9	34226.86	89447.0	70808.49
86	FAOSTAT_3	LBY	total_fertilizers	0.0	0.0	0.0	0.0	0.0	0.0	0.0	0.0	0.0	0.0	0.0	65334.9	35477.99	50447.4	52465.53	55061.22	53276.21	51485.73	58605.18	66161.9	31938.45	42827.22	62277.86	39417.33	31378.0	26802.23	34608.83
87	FAOSTAT_3	LCA	total_fertilizers	0.0	0.0	0.0	0.0	0.0	0.0	0.0	0.0	0.0	0.0	0.0	0.0	0.0	0.0	0.0	0.0	0.0	18.0	264.0	358.0	252.0	785.53	336.65	721.2	702.97	512.68	393.82
88	FAOSTAT_3	LKA	total_fertilizers	0.0	0.0	0.0	0.0	0.0	0.0	0.0	0.0	0.0	0.0	0.0	285071.0	246225.0	258309.0	280821.0	305881.0	288525.0	374054.0	309514.0	274857.0	334509.0	267611.82	226181.39	339708.97	399291.2	165404.32	154983.06
89	FAOSTAT_3	LTU	total_fertilizers	0.0	0.0	0.0	0.0	0.0	0.0	0.0	0.0	0.0	0.0	0.0	180544.0	224761.0	280866.0	186006.0	191953.0	165324.0	161357.0	90888.0	220260.0	169682.0	242000.0	251121.0	262640.0	266236.0	282534.0	296851.0
90	FAOSTAT_3	LUX	total_fertilizers	0.0	0.0	0.0	0.0	0.0	0.0	0.0	0.0	0.0	0.0	0.0	16583.0	16583.0	20684.0	18789.0	17618.0	16861.0	15532.0	15108.0	15995.0	16810.0	16173.0	15462.0	15074.0	15240.0	16214.0	15647.15
91	FAOSTAT_3	LVA	total_fertilizers	0.0	0.0	0.0	0.0	0.0	0.0	0.0	0.0	0.0	0.0	0.0	49229.0	47366.0	64706.0	74300.0	75500.0	80457.0	78328.0	75784.0	91081.0	96383.0	107864.0	121593.0	122259.0	128833.0	134200.0	133495.0
92	FAOSTAT_3	MAR	total_fertilizers	0.0	0.0	0.0	0.0	0.0	0.0	0.0	0.0	0.0	0.0	0.0	550787.0	500843.0	401942.0	518080.0	485200.0	474460.0	433412.0	330149.0	441892.0	461361.0	458620.0	516874.0	542343.0	578088.5	529379.76	566231.1
93	FAOSTAT_3	MDA	total_fertilizers	0.0	0.0	0.0	0.0	0.0	0.0	0.0	0.0	0.0	0.0	0.0	15000.0	13900.0	15300.0	16500.0	15398.0	20083.0	22677.0	17015.0	20051.0	23629.0	34700.0	44800.0	44813.0	75871.0	94208.0	98296.0
94	FAOSTAT_3	MDG	total_fertilizers	0.0	0.0	0.0	0.0	0.0	0.0	0.0	0.0	0.0	0.0	0.0	6204.84	6960.88	6677.39	16702.12	7579.35	9632.87	12820.52	7815.67	8931.86	12611.02	21115.02	4138.31	7886.97	6148.69	8629.67	38963.55
95	FAOSTAT_3	MDV	total_fertilizers	0.0	0.0	0.0	0.0	0.0	0.0	0.0	0.0	0.0	0.0	0.0	18.0	24.0	31.0	89.0	353.0	262.0	67.0	394.0	368.0	143.0	525.72	754.74	235.51	249.91	367.32	441.66
96	FAOSTAT_3	MEX	total_fertilizers	0.0	0.0	0.0	0.0	0.0	0.0	0.0	0.0	0.0	0.0	0.0	1512997.0	1578903.0	1699546.0	1844796.0	1612814.0	1764885.0	1244617.0	1240381.0	1764380.0	1674532.0	2208804.99	2200628.3	1547838.68	1602209.17	2190931.29	2402953.15
97	FAOSTAT_3	MHL	total_fertilizers	0.0	0.0	0.0	0.0	0.0	0.0	0.0	0.0	0.0	0.0	0.0	2.04	1.25	0.46	1.44	0.72	0.0	440.28	0.0	0.89	0.0	0.0	0.0	0.0	0.0	0.0	0.0
98	FAOSTAT_3	MKD	total_fertilizers	0.0	0.0	0.0	0.0	0.0	0.0	0.0	0.0	0.0	0.0	0.0	15399.0	15451.0	24655.0	27786.0	25228.0	28930.0	23811.0	23813.0	27784.0	26338.0	23844.1	28747.34	29748.78	27546.4	32994.99	28767.68
99	FAOSTAT_3	MLI	total_fertilizers	0.0	0.0	0.0	0.0	0.0	0.0	0.0	0.0	0.0	0.0	0.0	0.0	0.0	260312.0	87925.0	99355.0	180340.0	129517.0	38089.0	122718.0	150992.0	141922.15	165860.0	200051.88	241821.3	283590.73	223007.57
100	FAOSTAT_3	MLT	total_fertilizers	0.0	0.0	0.0	0.0	0.0	0.0	0.0	0.0	0.0	0.0	0.0	929.0	876.0	1170.0	866.0	1184.0	886.0	592.0	434.0	579.0	834.0	2115.15	3551.95	4006.48	4297.24	2399.06	885.35
101	FAOSTAT_3	MMR	total_fertilizers	0.0	0.0	0.0	0.0	0.0	0.0	0.0	0.0	0.0	0.0	0.0	42309.0	101554.0	197364.0	65596.0	93192.0	166830.0	81378.0	67316.0	71755.0	161738.0	168096.62	210391.96	263270.98	259457.79	194133.8	428676.82
102	FAOSTAT_3	MNE	total_fertilizers	0.0	0.0	0.0	0.0	0.0	0.0	0.0	0.0	0.0	0.0	0.0	0.0	0.0	0.0	0.0	3254.0	2720.0	2559.0	1960.0	2469.0	2171.0	2148.43	2534.24	2417.48	2283.47	2566.87	2149.52
103	FAOSTAT_3	MNG	total_fertilizers	0.0	0.0	0.0	0.0	0.0	0.0	0.0	0.0	0.0	0.0	0.0	4448.0	4017.0	5873.0	3657.0	6514.0	6018.0	6941.0	7570.0	11080.0	13965.0	16940.82	25379.57	19259.83	23195.0	25822.65	36736.79
104	FAOSTAT_3	MOZ	total_fertilizers	0.0	0.0	0.0	0.0	0.0	0.0	0.0	0.0	0.0	0.0	0.0	26600.0	3313.0	10395.0	7137.0	22751.0	13836.0	61653.0	22184.0	46327.0	41561.0	31750.3	33397.18	42567.58	23634.94	25807.26	29033.43
105	FAOSTAT_3	MUS	total_fertilizers	0.0	0.0	0.0	0.0	0.0	0.0	0.0	0.0	0.0	0.0	0.0	28335.0	26352.0	26769.0	29933.0	21403.0	22860.0	18302.0	18237.0	13056.0	18972.0	20888.25	18611.12	23496.79	13787.71	20494.35	19321.01
106	FAOSTAT_3	MWI	total_fertilizers	0.0	0.0	0.0	0.0	0.0	0.0	0.0	0.0	0.0	0.0	0.0	84684.0	93232.0	103218.0	97574.0	121521.0	125156.0	120303.0	107960.0	130893.0	106282.0	92390.13	103719.58	143193.76	115338.95	96157.99	112798.91
107	FAOSTAT_3	MYS	total_fertilizers	0.0	0.0	0.0	0.0	0.0	0.0	0.0	0.0	0.0	0.0	0.0	1085329.0	1189238.0	1494329.0	1395565.0	1540267.0	1718065.0	1866573.0	1417615.0	1864533.0	1482271.0	1573818.38	1417120.8	1705577.11	1468491.01	1520029.38	1520029.38
108	FAOSTAT_3	NAM	total_fertilizers	0.0	0.0	0.0	0.0	0.0	0.0	0.0	0.0	0.0	0.0	0.0	3185.0	1150.0	2612.0	1556.0	2314.0	1972.0	229.0	1272.0	3547.0	5284.0	12027.17	8688.97	4910.93	11615.89	20885.37	20029.49
109	FAOSTAT_3	NER	total_fertilizers	0.0	0.0	0.0	0.0	0.0	0.0	0.0	0.0	0.0	0.0	0.0	8541.0	4126.0	3385.0	5475.0	7459.0	5297.0	2289.0	5267.0	7490.0	7576.0	14680.39	10704.13	16787.29	6782.7	6755.12	6755.12
110	FAOSTAT_3	NGA	total_fertilizers	0.0	0.0	0.0	0.0	0.0	0.0	0.0	0.0	0.0	0.0	0.0	153982.0	214935.0	159079.0	259104.0	369431.0	155587.0	211566.0	168353.0	403051.0	223084.0	303404.4	306617.88	323063.69	287543.32	387843.9	644814.88
111	FAOSTAT_3	NIC	total_fertilizers	0.0	0.0	0.0	0.0	0.0	0.0	0.0	0.0	0.0	0.0	0.0	56817.0	65386.0	64302.0	56227.0	60687.0	56646.0	46084.0	57241.0	53181.0	77514.0	76914.0	51767.0	76617.0	87071.44	89003.12	128467.1
112	FAOSTAT_3	NLD	total_fertilizers	0.0	0.0	0.0	0.0	0.0	0.0	0.0	0.0	0.0	0.0	0.0	392802.0	397092.0	402871.0	375303.0	377796.0	320207.0	285538.0	251199.0	299955.0	248292.0	293000.0	240003.0	259006.66	278010.34	297014.0	297014.0
113	FAOSTAT_3	NOR	total_fertilizers	0.0	0.0	0.0	0.0	0.0	0.0	0.0	0.0	0.0	0.0	0.0	180499.0	185965.0	187035.0	188662.0	185687.0	187928.0	180477.0	149548.0	140355.0	157186.0	152086.0	154140.0	157218.0	164893.0	164163.0	159363.0
114	FAOSTAT_3	NPL	total_fertilizers	0.0	0.0	0.0	0.0	0.0	0.0	0.0	0.0	0.0	0.0	0.0	38950.0	11711.0	18458.0	8137.0	12751.0	3604.0	3030.0	40046.0	54689.0	77446.0	56540.0	115097.0	142400.7	156655.06	147565.23	138475.4
115	FAOSTAT_3	NRU	total_fertilizers	0.0	0.0	0.0	0.0	0.0	0.0	0.0	0.0	0.0	0.0	0.0	0.0	0.0	0.0	0.0	0.0	0.0	0.0	0.0	0.0	0.0	0.0	0.0	0.0	0.0	0.0	0.0
116	FAOSTAT_3	NZL	total_fertilizers	0.0	0.0	0.0	0.0	0.0	0.0	0.0	0.0	0.0	0.0	0.0	874122.0	945819.0	739472.0	1155442.0	995496.0	993286.0	782154.0	599027.0	634047.0	838667.0	861618.0	816802.0	879662.0	1013026.0	1013026.0	1013026.0
117	FAOSTAT_3	OMN	total_fertilizers	0.0	0.0	0.0	0.0	0.0	0.0	0.0	0.0	0.0	0.0	0.0	9522.22	6324.88	9965.43	10444.67	14126.99	10486.22	14156.69	8830.67	10225.36	7573.28	13554.89	14549.94	19579.31	20909.33	26269.37	23794.42
118	FAOSTAT_3	PAK	total_fertilizers	0.0	0.0	0.0	0.0	0.0	0.0	0.0	0.0	0.0	0.0	0.0	3043040.0	3149260.0	3357710.0	3725496.0	3812141.0	3574021.0	3510296.0	4246113.0	4064776.0	3868533.0	3549038.0	4134858.0	4104960.0	4179136.0	4480006.0	4758868.0
119	FAOSTAT_3	PAN	total_fertilizers	0.0	0.0	0.0	0.0	0.0	0.0	0.0	0.0	0.0	0.0	0.0	22141.0	28034.0	23104.0	18862.0	20734.0	18408.0	19337.0	25675.0	36272.0	21149.0	43353.24	50079.13	33330.12	42102.76	25820.4	33156.57
120	FAOSTAT_3	PER	total_fertilizers	0.0	0.0	0.0	0.0	0.0	0.0	0.0	0.0	0.0	0.0	0.0	306551.0	315614.0	329912.0	301513.0	339974.0	403256.0	298483.0	385209.0	365693.0	408016.0	391703.26	398145.49	405622.92	445795.52	447971.15	539478.77
121	FAOSTAT_3	PHL	total_fertilizers	0.0	0.0	0.0	0.0	0.0	0.0	0.0	0.0	0.0	0.0	0.0	722292.0	858660.0	818410.0	761538.0	714283.0	842740.0	572103.0	667949.0	802608.0	789494.0	660400.0	871341.47	879550.67	784234.74	890862.28	961487.78
122	FAOSTAT_3	PNG	total_fertilizers	0.0	0.0	0.0	0.0	0.0	0.0	0.0	0.0	0.0	0.0	0.0	35006.0	88544.0	17670.0	17138.0	14722.0	18962.0	21211.0	31156.0	32845.0	25643.0	32240.64	29629.6	32601.46	31399.1	33616.09	36981.61
123	FAOSTAT_3	POL	total_fertilizers	0.0	0.0	0.0	0.0	0.0	0.0	0.0	0.0	0.0	0.0	0.0	1511700.0	1622100.0	1628400.0	1966100.0	1970700.0	2142000.0	1899400.0	1771300.0	1954400.0	1883800.0	1943400.0	1935300.0	1792200.0	1895400.0	2049800.0	2077000.0
124	FAOSTAT_3	PRT	total_fertilizers	0.0	0.0	0.0	0.0	0.0	0.0	0.0	0.0	0.0	0.0	0.0	312593.0	271097.0	320180.0	264697.0	170194.0	233558.0	189729.0	142395.0	170939.0	149303.0	169540.0	190802.0	209786.23	198721.74	187811.98	186648.17
125	FAOSTAT_3	PRY	total_fertilizers	0.0	0.0	0.0	0.0	0.0	0.0	0.0	0.0	0.0	0.0	0.0	153168.0	217265.0	264282.0	227540.0	258160.0	343292.0	280663.0	252170.0	340284.0	420330.0	367225.33	435359.34	505248.8	468464.92	529677.93	543456.16
126	FAOSTAT_3	QAT	total_fertilizers	0.0	0.0	0.0	0.0	0.0	0.0	0.0	0.0	0.0	0.0	0.0	511.0	0.0	49353.0	7349.0	0.0	70380.0	3600.0	38300.0	85480.0	144260.0	92280.0	91080.0	96600.0	96600.0	96600.0	96600.0
127	FAOSTAT_3	ROU	total_fertilizers	0.0	0.0	0.0	0.0	0.0	0.0	0.0	0.0	0.0	0.0	0.0	326123.0	362260.0	380004.0	461392.0	362884.0	387216.0	397985.0	426207.0	480588.0	486944.0	437972.0	491831.0	452239.0	532702.0	514126.0	514126.0
128	FAOSTAT_3	RUS	total_fertilizers	0.0	0.0	0.0	0.0	0.0	0.0	0.0	0.0	0.0	0.0	0.0	1166175.0	1348580.0	1394880.0	1436120.0	1517330.0	1732810.0	1932120.0	1901990.0	1912870.0	1969160.0	1877480.0	1861020.0	1934280.0	2026990.0	2273277.0	2472910.0
129	FAOSTAT_3	RWA	total_fertilizers	0.0	0.0	0.0	0.0	0.0	0.0	0.0	0.0	0.0	0.0	0.0	0.0	2449.0	2035.0	3400.0	3886.0	8824.0	10753.0	1444.0	94.0	114.0	5834.28	13211.29	14500.05	22697.35	12504.58	12504.58
130	FAOSTAT_3	SAU	total_fertilizers	0.0	0.0	0.0	0.0	0.0	0.0	0.0	0.0	0.0	0.0	0.0	365500.0	382200.0	399000.0	335700.0	366000.0	394500.0	231000.0	210000.0	200000.0	200500.0	192000.0	276600.0	273100.0	318400.0	319400.0	319400.0
131	FAOSTAT_3	SDN	total_fertilizers	0.0	0.0	0.0	0.0	0.0	0.0	0.0	0.0	0.0	0.0	0.0	0.0	0.0	0.0	0.0	0.0	0.0	0.0	0.0	0.0	0.0	66081.06	51831.07	83269.68	89844.79	191260.15	172526.32
132	FAOSTAT_3	SEN	total_fertilizers	0.0	0.0	0.0	0.0	0.0	0.0	0.0	0.0	0.0	0.0	0.0	35973.0	32072.0	37970.0	30842.0	6548.0	6116.0	8337.0	24404.0	31169.0	22531.0	34730.0	39620.0	37570.0	52210.0	53369.47	55949.66
133	FAOSTAT_3	SGP	total_fertilizers	0.0	0.0	0.0	0.0	0.0	0.0	0.0	0.0	0.0	0.0	0.0	3837.38	12286.24	13631.28	13679.26	16227.68	13777.56	15184.71	12535.05	29500.47	25532.15	8946.94	8233.96	589.75	18517.48	16877.28	22532.66
134	FAOSTAT_3	SLV	total_fertilizers	0.0	0.0	0.0	0.0	0.0	0.0	0.0	0.0	0.0	0.0	0.0	49432.0	53245.0	60168.0	91682.0	65699.0	96144.0	87355.0	79544.0	120706.0	129068.0	102030.79	102845.16	69003.25	81909.18	69330.02	86293.68
135	FAOSTAT_3	SRB	total_fertilizers	0.0	0.0	0.0	0.0	0.0	0.0	0.0	0.0	0.0	0.0	0.0	0.0	0.0	0.0	0.0	389505.0	506908.0	378267.0	473344.0	383451.0	417812.0	568716.74	514672.74	393257.56	412927.25	568648.42	530416.67
136	FAOSTAT_3	SUR	total_fertilizers	0.0	0.0	0.0	0.0	0.0	0.0	0.0	0.0	0.0	0.0	0.0	4148.0	5998.0	7475.0	5212.0	8983.0	6874.0	25787.0	9181.0	11656.0	11965.0	9826.12	10250.39	12674.49	13412.78	14151.06	15079.72
137	FAOSTAT_3	SVK	total_fertilizers	0.0	0.0	0.0	0.0	0.0	0.0	0.0	0.0	0.0	0.0	0.0	117180.0	111554.0	116548.0	111981.0	126475.0	123862.0	103766.0	108224.0	118409.0	133468.0	148864.0	148864.0	158318.0	152538.0	169402.0	163425.46
138	FAOSTAT_3	SVN	total_fertilizers	0.0	0.0	0.0	0.0	0.0	0.0	0.0	0.0	0.0	0.0	0.0	67784.0	69250.0	63131.0	58001.0	57317.0	56792.0	51326.0	43084.0	49206.0	47287.0	45995.0	47003.0	48417.0	49278.0	47614.0	47279.56
139	FAOSTAT_3	SWE	total_fertilizers	0.0	0.0	0.0	0.0	0.0	0.0	0.0	0.0	0.0	0.0	0.0	267400.0	261900.0	259900.0	236800.0	229100.0	236100.0	260400.0	168600.0	214869.0	222403.0	197728.0	219183.0	240173.0	249544.0	248027.81	264551.57
140	FAOSTAT_3	SYC	total_fertilizers	0.0	0.0	0.0	0.0	0.0	0.0	0.0	0.0	0.0	0.0	0.0	0.0	24.0	11.0	34.0	11.0	30.0	34.0	52.0	29.0	45.0	73.5	51.25	50.56	122.54	78.26	96.9
141	FAOSTAT_3	SYR	total_fertilizers	0.0	0.0	0.0	0.0	0.0	0.0	0.0	0.0	0.0	0.0	0.0	313944.0	350800.0	348123.0	397122.0	394807.0	381937.0	413465.0	305520.0	154750.0	231804.0	141080.41	63209.35	30251.19	27194.61	19314.79	11574.09
142	FAOSTAT_3	TGO	total_fertilizers	0.0	0.0	0.0	0.0	0.0	0.0	0.0	0.0	0.0	0.0	0.0	12285.0	17599.0	7889.0	20336.0	11508.0	14512.0	1.0	14788.0	22046.0	25099.0	13929.71	55632.8	1558.42	26508.14	29219.23	15873.17
143	FAOSTAT_3	THA	total_fertilizers	0.0	0.0	0.0	0.0	0.0	0.0	0.0	0.0	0.0	0.0	0.0	1778115.2	2255018.0	2003092.79	1716856.73	1785015.08	2066490.9	1972951.47	1909767.6	2504267.02	2565821.64	2532919.06	2801899.05	2546468.92	2293144.16	2372540.22	2372540.22
144	FAOSTAT_3	TJK	total_fertilizers	0.0	0.0	0.0	0.0	0.0	0.0	0.0	0.0	0.0	0.0	0.0	0.0	0.0	26408.0	28633.0	54500.0	55300.0	52200.0	48176.0	45490.0	49945.0	53565.34	53907.88	62915.72	61499.14	54536.42	65224.71
145	FAOSTAT_3	TON	total_fertilizers	0.0	0.0	0.0	0.0	0.0	0.0	0.0	0.0	0.0	0.0	0.0	194.0	4523.0	1471.0	1425.0	734.0	152.0	162.0	4444.0	4066.0	1842.0	5743.73	11076.63	136.34	172.42	224.35	236.94
146	FAOSTAT_3	TTO	total_fertilizers	0.0	0.0	0.0	0.0	0.0	0.0	0.0	0.0	0.0	0.0	0.0	4400.0	4400.0	6400.0	6000.0	5900.0	5900.0	5100.0	5600.0	5700.0	5800.0	6900.0	7700.0	9000.0	8900.0	9100.0	9100.0
147	FAOSTAT_3	TUN	total_fertilizers	0.0	0.0	0.0	0.0	0.0	0.0	0.0	0.0	0.0	0.0	0.0	141165.27	174303.92	113595.79	155979.94	79690.49	106743.59	327440.21	82510.05	256578.55	107590.09	150685.84	82761.55	117450.79	153306.17	81756.89	295116.86
148	FAOSTAT_3	TUR	total_fertilizers	0.0	0.0	0.0	0.0	0.0	0.0	0.0	0.0	0.0	0.0	0.0	1746666.0	1970135.0	2044015.0	2067475.0	2110514.0	1985593.0	1551367.0	2232592.0	2103665.0	1847301.0	2064828.0	2312134.0	2180242.0	2202736.0	2807280.0	2644333.0
149	FAOSTAT_3	TZA	total_fertilizers	0.0	0.0	0.0	0.0	0.0	0.0	0.0	0.0	0.0	0.0	0.0	31818.0	38050.0	50247.0	55818.0	52357.0	50716.0	52966.0	86533.0	101925.0	105865.0	104712.0	151441.21	120202.25	120384.01	170160.68	163616.02
150	FAOSTAT_3	UGA	total_fertilizers	0.0	0.0	0.0	0.0	0.0	0.0	0.0	0.0	0.0	0.0	0.0	7463.0	9331.0	8758.0	5756.0	7652.0	7497.0	18976.0	13746.0	11606.0	12068.0	14663.83	16847.73	12557.97	11022.4	13184.85	14228.42
151	FAOSTAT_3	UKR	total_fertilizers	0.0	0.0	0.0	0.0	0.0	0.0	0.0	0.0	0.0	0.0	0.0	519057.0	512481.0	533290.0	557930.0	699330.0	896440.0	1064720.0	886760.0	1060640.0	1263310.0	1346530.0	1493710.0	1471640.0	1415010.0	1728850.0	2028080.0
152	FAOSTAT_3	URY	total_fertilizers	0.0	0.0	0.0	0.0	0.0	0.0	0.0	0.0	0.0	0.0	0.0	84278.0	153222.0	180554.0	195654.0	207581.0	205919.0	190660.0	206167.0	296378.0	309495.0	384803.75	582114.23	449439.73	254905.4	341030.01	343274.07
153	FAOSTAT_3	USA	total_fertilizers	0.0	0.0	0.0	0.0	0.0	0.0	0.0	0.0	0.0	0.0	0.0	19462900.0	20520700.0	20492900.0	19582600.0	20247000.0	19954800.0	18192157.0	17137601.0	18262765.0	20070761.0	20565302.1	20994055.0	20660881.0	20211336.0	20544035.0	20459267.0
154	FAOSTAT_3	UZB	total_fertilizers	0.0	0.0	0.0	0.0	0.0	0.0	0.0	0.0	0.0	0.0	0.0	719000.0	693000.0	625000.0	652000.0	715000.0	725086.0	747445.0	833343.0	856885.0	880427.0	865415.0	943798.0	989413.0	1004965.0	1023894.0	1023894.0
155	FAOSTAT_3	VEN	total_fertilizers	0.0	0.0	0.0	0.0	0.0	0.0	0.0	0.0	0.0	0.0	0.0	301000.0	303500.0	320000.0	351000.0	306000.0	373810.0	496250.0	446460.0	472940.0	486423.08	513393.66	520076.34	491083.47	495142.52	488400.0	488400.0
156	FAOSTAT_3	VNM	total_fertilizers	0.0	0.0	0.0	0.0	0.0	0.0	0.0	0.0	0.0	0.0	0.0	1950219.05	2191007.4	2379576.52	2159486.55	2177188.77	2546035.72	1906510.31	2795791.54	2351282.43	2277344.51	2375763.23	3107722.15	2799980.72	3027125.59	2972095.15	3186088.27
157	FAOSTAT_3	WSM	total_fertilizers	0.0	0.0	0.0	0.0	0.0	0.0	0.0	0.0	0.0	0.0	0.0	10.0	24.0	40.0	37.0	24.0	38.0	49.0	35.0	16.0	15.0	3.77	22.57	7.74	11.1	15.79	11.45
158	FAOSTAT_3	YEM	total_fertilizers	0.0	0.0	0.0	0.0	0.0	0.0	0.0	0.0	0.0	0.0	0.0	11600.0	5630.0	18105.0	4901.0	11574.0	29220.0	18220.0	14100.0	25120.0	14400.0	19291.18	36482.0	25877.38	2064.98	20800.94	14807.5
159	FAOSTAT_3	ZAF	total_fertilizers	0.0	0.0	0.0	0.0	0.0	0.0	0.0	0.0	0.0	0.0	0.0	838507.0	750041.0	801825.0	623586.0	785439.0	768874.0	720553.0	762733.0	674037.0	726040.0	744042.0	721481.0	812663.0	731395.0	731395.0	731395.0
160	FAOSTAT_3	ZMB	total_fertilizers	0.0	0.0	0.0	0.0	0.0	0.0	0.0	0.0	0.0	0.0	0.0	67325.0	75221.0	85587.0	76312.0	77365.0	95354.0	117980.0	91511.0	99190.0	166130.0	142979.17	181196.91	191774.06	212489.15	243145.12	273801.08
161	FAOSTAT_3	ZWE	total_fertilizers	0.0	0.0	0.0	0.0	0.0	0.0	0.0	0.0	0.0	0.0	0.0	130310.0	146032.0	86352.0	85018.0	132661.0	108141.0	93475.0	117990.0	136332.0	111503.0	73000.0	75900.0	101800.0	91600.0	130000.0	130000.0
162	FAOSTAT_3	WORLD	total_fertilizers	0.0	0.0	0.0	0.0	0.0	0.0	0.0	0.0	0.0	0.0	0.0	141324337.0	147338702.1	155611662.0	156916872.1	159183029.0	167774829.4	159477097.9	156826353.8	173095988.0	180775265.7	180370474.7	183584550.6	187877878.7	184599434.7	187210109.4	192224457.1
